Name,Acceptance Criteria,Assignee,Blocked By,Children,GitHub Issue,GitHub PR,Level,Objective,Parent,Phase,Priority,Related Tasks,Source,Status,Subtype,Type
QA / Release,,,,,,,Epic,핵심 루프가 주요 브라우저와 외부 배포 환경에서 안정적으로 동작하게 한다.,,,P0,,https://app.notion.com/p/3c712168d52181c89c82f835c7ce8a6b,Ready,Integration Test,QA
Relic System,,,,,,,Epic,제안 단계의 유물을 MVP에 필요한 최소 범위로 정의하고 런 규칙 변형 구조를 구현한다.,,,P2,,https://app.notion.com/p/3c612168d5218107b90ccf7efca1ea28,Backlog,Relic,Gameplay
UI / UX,,,,,,,Epic,"입력 결과, 적 공격 예고, HP/AP, 후딜을 즉시 읽을 수 있는 인터페이스를 완성한다.",,,P0,,https://app.notion.com/p/3c612168d52181e2a63be89e64e6ed09,Ready,Combat UI,Frontend / UI
Core Combat,,,,,,,Epic,타자 입력과 적 공격 예고가 실제 피해·방어·승패로 이어지는 전투 핵심 시스템을 완성한다.,,,P0,,https://app.notion.com/p/3c612168d52181679b5cede8cc1d5187,Ready,Combat,Gameplay
Hackathon Submission,,,,,,,Epic,2026-08-26 Track 1 예선 필수 제출물과 외부 플레이 링크를 완성하고 검증한다.,,,P0,,https://app.notion.com/p/3c712168d52181c89c82f835c7ce8a6b,Ready,Submission Form,Submission
Art / Audio,,,,,,,Epic,핵심 플레이 판독성을 보장하는 최소 스프라이트·모션·VFX·SFX를 제공한다.,,,P2,,https://app.notion.com/p/3c712168d52180c68591eaddfdedfd40,Backlog,UI,Assets
Tower Run,,,,,,,Epic,전투·보상·다음 노드·런 종료와 정산이 연결되는 PvE 탑 핵심 루프를 완성한다.,,,P0,,https://app.notion.com/p/3c612168d5218199a030d9acdd6e99a1,Ready,Run,Gameplay
Enemy & Boss,,,,,,,Epic,판독→대응→학습→검증 구조가 드러나는 최소 적·엘리트·보스 콘텐츠를 완성한다.,,,P1,,https://app.notion.com/p/3c612168d52181e38344ed849057ad31,Ready,Enemy,Gameplay
Equipment System,,,,,,,Epic,장비 획득·장착·스킬 제공·교체가 빌드 선택으로 연결되게 한다.,,,P1,,https://app.notion.com/p/3c612168d52181f2bbe8ca75ff69fd38,Ready,Equipment,Gameplay
Typing & Skills,,,,,,,Epic,정확한 커맨드 입력이 AP 소비와 스킬 생명주기를 거쳐 즉시 피드백되는 입력 경험을 완성한다.,,,P0,,https://app.notion.com/p/3c612168d5218125a530d0f6d87b1a21,Ready,Typing,Gameplay
Codex 활용·신규 개발 로그,,,,,,,Feature,,Hackathon Submission (https://app.notion.com/p/Hackathon-Submission-3c712168d5218190be80c6b1415406cc?pvs=21),,P1,,https://app.notion.com/p/3c712168d52181c89c82f835c7ce8a6b,Ready,Documentation,Documentation
런 종료·정산,,,,,,,Feature,,"Tower Run (https://app.notion.com/p/Tower-Run-3c712168d521819e9695c8c9d02174b8?pvs=21), CORE-09 · 정산·로비 복귀 (https://app.notion.com/p/CORE-09-3c812168d52181a2a682f25ae320558e?pvs=21)",,P0,,https://app.notion.com/p/3c612168d5218179935bf3d31bebe6ad,Ready,Economy,Gameplay
UI 미정 사항 결정,,,,,,,Feature,,UI / UX (https://app.notion.com/p/UI-UX-3c712168d521814291cae97887d1c7e5?pvs=21),,P1,,https://app.notion.com/p/3c612168d52181e2a63be89e64e6ed09,Backlog,Needs Decision,Game Design
승패·전투 종료 처리,,,,,,,Feature,,"Core Combat (https://app.notion.com/p/Core-Combat-3c712168d52181659896cde5eabb02c8?pvs=21), CORE-05 · 전투 노드 (https://app.notion.com/p/CORE-05-3c812168d5218139bac8e6f86512a209?pvs=21)",,P0,,https://app.notion.com/p/3c612168d52181679b5cede8cc1d5187,Ready,Combat,Gameplay
전투 상태·타이밍 엔진,,,,,,,Feature,,"Core Combat (https://app.notion.com/p/Core-Combat-3c712168d52181659896cde5eabb02c8?pvs=21), CORE-05 · 전투 노드 (https://app.notion.com/p/CORE-05-3c812168d5218139bac8e6f86512a209?pvs=21)",,P0,,https://app.notion.com/p/3c612168d52181679b5cede8cc1d5187,Ready,Combat,Gameplay
플레이어 스킬 실행,,,,,,,Feature,,"Typing & Skills (https://app.notion.com/p/Typing-Skills-3c712168d52181ddb00adaaf6024a1ba?pvs=21), CORE-05 · 전투 노드 (https://app.notion.com/p/CORE-05-3c812168d5218139bac8e6f86512a209?pvs=21)",,P0,,https://app.notion.com/p/3c612168d5218125a530d0f6d87b1a21,Ready,Skill,Gameplay
최소 적·엘리트·보스 콘텐츠,,,,,,,Feature,,"Enemy & Boss (https://app.notion.com/p/Enemy-Boss-3c712168d52181caa176c40ec22c45c8?pvs=21), CORE-08 · 보스·클리어 (https://app.notion.com/p/CORE-08-3c812168d5218157a131f479afae37dd?pvs=21)",,P1,,https://app.notion.com/p/3c612168d52181e38344ed849057ad31,Ready,Encounter,Game Design
커맨드 입력 판정,,,,,,,Feature,,"Typing & Skills (https://app.notion.com/p/Typing-Skills-3c712168d52181ddb00adaaf6024a1ba?pvs=21), CORE-05 · 전투 노드 (https://app.notion.com/p/CORE-05-3c812168d5218139bac8e6f86512a209?pvs=21)",,P0,,https://app.notion.com/p/3c612168d5218125a530d0f6d87b1a21,Ready,Typing,Gameplay
보상·장비·결과 화면,,,,,,,Feature,,"UI / UX (https://app.notion.com/p/UI-UX-3c712168d521814291cae97887d1c7e5?pvs=21), CORE-09 · 정산·로비 복귀 (https://app.notion.com/p/CORE-09-3c812168d52181a2a682f25ae320558e?pvs=21)",,P1,,https://app.notion.com/p/3c612168d52181e2a63be89e64e6ed09,Ready,Result,Frontend / UI
적 공격 예고·타임라인,,,,,,,Feature,,"Enemy & Boss (https://app.notion.com/p/Enemy-Boss-3c712168d52181caa176c40ec22c45c8?pvs=21), CORE-05 · 전투 노드 (https://app.notion.com/p/CORE-05-3c812168d5218139bac8e6f86512a209?pvs=21)",,P0,,https://app.notion.com/p/3c612168d52181e38344ed849057ad31,Ready,Enemy,Gameplay
탑 지도·노드 선택,,,,,,,Feature,,"Tower Run (https://app.notion.com/p/Tower-Run-3c712168d521819e9695c8c9d02174b8?pvs=21), CORE-04 · 맵·노드 진행 (https://app.notion.com/p/CORE-04-3c812168d5218184af69e24fcc74d9a3?pvs=21)",,P1,,https://app.notion.com/p/3c612168d5218199a030d9acdd6e99a1,Ready,Run,Gameplay
선택 제출·발표 자료,,,,,,,Feature,,Hackathon Submission (https://app.notion.com/p/Hackathon-Submission-3c712168d5218190be80c6b1415406cc?pvs=21),,P2,,https://app.notion.com/p/3c712168d52181c89c82f835c7ce8a6b,Backlog,Presentation,Submission
방어 대응 입력,,,,,,,Feature,,"Typing & Skills (https://app.notion.com/p/Typing-Skills-3c712168d52181ddb00adaaf6024a1ba?pvs=21), CORE-05 · 전투 노드 (https://app.notion.com/p/CORE-05-3c812168d5218139bac8e6f86512a209?pvs=21)",,P1,,https://app.notion.com/p/3c612168d5218125a530d0f6d87b1a21,Ready,Skill,Gameplay
유물 범위·밸런스 결정,,,,,,,Feature,,Relic System (https://app.notion.com/p/Relic-System-3c712168d521813b8ecadb8b4500e3cd?pvs=21),,P2,,https://app.notion.com/p/3c612168d5218107b90ccf7efca1ea28,Backlog,Needs Decision,Game Design
적 데이터·행동 시스템,,,,,,,Feature,,"Enemy & Boss (https://app.notion.com/p/Enemy-Boss-3c712168d52181caa176c40ec22c45c8?pvs=21), CORE-05 · 전투 노드 (https://app.notion.com/p/CORE-05-3c812168d5218139bac8e6f86512a209?pvs=21)",,P1,,https://app.notion.com/p/3c612168d52181e38344ed849057ad31,Ready,Enemy,Gameplay
핵심 전투 에셋,,,,,,,Feature,,Art / Audio (https://app.notion.com/p/Art-Audio-3c712168d521819dac18cb1aedab18fd?pvs=21),,P2,,https://app.notion.com/p/3c712168d52180c68591eaddfdedfd40,Backlog,Monster,Assets
핵심 루프 통합 QA,,,,,,,Feature,,"QA / Release (https://app.notion.com/p/QA-Release-3c712168d5218138900eff69ef029db4?pvs=21), CORE-10 · 전체 흐름 검증 (https://app.notion.com/p/CORE-10-3c812168d52181248e64df1d93827b26?pvs=21)",,P0,,https://app.notion.com/p/3c712168d52181c89c82f835c7ce8a6b,Ready,Integration Test,QA
전투 HUD,,,,,,,Feature,,"UI / UX (https://app.notion.com/p/UI-UX-3c712168d521814291cae97887d1c7e5?pvs=21), CORE-05 · 전투 노드 (https://app.notion.com/p/CORE-05-3c812168d5218139bac8e6f86512a209?pvs=21)",,P0,,https://app.notion.com/p/3c612168d52181e2a63be89e64e6ed09,Ready,HUD,Frontend / UI
전투 VFX·SFX,,,,,,,Feature,,Art / Audio (https://app.notion.com/p/Art-Audio-3c712168d521819dac18cb1aedab18fd?pvs=21),,P2,,https://app.notion.com/p/3c612168d52181e2a63be89e64e6ed09,Backlog,VFX,Assets
유물 최소 규칙 구조,,,,,,,Feature,,Relic System (https://app.notion.com/p/Relic-System-3c712168d521813b8ecadb8b4500e3cd?pvs=21),,P2,,https://app.notion.com/p/3c612168d5218107b90ccf7efca1ea28,Backlog,Relic,Gameplay
외부 브라우저 검증,,,,,,,Feature,,QA / Release (https://app.notion.com/p/QA-Release-3c712168d5218138900eff69ef029db4?pvs=21),,P0,,https://app.notion.com/p/3c712168d52181c89c82f835c7ce8a6b,Ready,Browser Test,QA
장비 슬롯·교체,,,,,,,Feature,,Equipment System (https://app.notion.com/p/Equipment-System-3c712168d52181ccb77ecbce2c8455f7?pvs=21),,P1,,https://app.notion.com/p/3c612168d52181f2bbe8ca75ff69fd38,Ready,Equipment,Gameplay
전투 보상·다음 전투,,,,,,,Feature,,"Tower Run (https://app.notion.com/p/Tower-Run-3c712168d521819e9695c8c9d02174b8?pvs=21), CORE-04 · 맵·노드 진행 (https://app.notion.com/p/CORE-04-3c812168d5218184af69e24fcc74d9a3?pvs=21)",,P0,,https://app.notion.com/p/3c612168d5218199a030d9acdd6e99a1,Ready,Reward,Gameplay
콤보·입력 피드백,,,,,,,Feature,,Typing & Skills (https://app.notion.com/p/Typing-Skills-3c712168d52181ddb00adaaf6024a1ba?pvs=21),,P1,,https://app.notion.com/p/3c612168d5218125a530d0f6d87b1a21,Ready,Typing,Gameplay
런 상태·전환,,,,,,,Feature,,"Tower Run (https://app.notion.com/p/Tower-Run-3c712168d521819e9695c8c9d02174b8?pvs=21), CORE-03 · 런 시작 (https://app.notion.com/p/CORE-03-3c812168d52181258ceecd47e02828b1?pvs=21)",,P0,,https://app.notion.com/p/3c612168d5218199a030d9acdd6e99a1,Ready,Run,Gameplay
필수 제출물 준비,,,,,,,Feature,,Hackathon Submission (https://app.notion.com/p/Hackathon-Submission-3c712168d5218190be80c6b1415406cc?pvs=21),,P0,,https://app.notion.com/p/3c712168d52181c89c82f835c7ce8a6b,Ready,Submission Form,Submission
웹 빌드·호스팅,,,,,,,Feature,,QA / Release (https://app.notion.com/p/QA-Release-3c712168d5218138900eff69ef029db4?pvs=21),,P0,,https://app.notion.com/p/3c712168d52181c89c82f835c7ce8a6b,Ready,Hosting,Deploy
장비 보상·드롭,,,,,,,Feature,,Equipment System (https://app.notion.com/p/Equipment-System-3c712168d52181ccb77ecbce2c8455f7?pvs=21),,P2,,https://app.notion.com/p/3c612168d52181f2bbe8ca75ff69fd38,Backlog,Reward,Gameplay
장비 데이터·스킬 제공,,,,,,,Feature,,Equipment System (https://app.notion.com/p/Equipment-System-3c712168d52181ccb77ecbce2c8455f7?pvs=21),,P1,,https://app.notion.com/p/3c612168d52181f2bbe8ca75ff69fd38,Ready,Equipment,Gameplay
피해·HP·AP 처리,,,,,,,Feature,,"Core Combat (https://app.notion.com/p/Core-Combat-3c712168d52181659896cde5eabb02c8?pvs=21), CORE-05 · 전투 노드 (https://app.notion.com/p/CORE-05-3c812168d5218139bac8e6f86512a209?pvs=21)",,P0,,https://app.notion.com/p/3c612168d52181679b5cede8cc1d5187,Ready,Combat,Gameplay
스킬 타격 효과 적용 구현,효과는 타격 시점에만 적용된다; 피해 스킬은 피해 계산을 사용한다; 중복 적용되지 않는다.,,"스킬 생명주기 타이머 구현 (https://app.notion.com/p/3c712168d52181c1a6b0d9bfe6c1dcad?pvs=21), 피해 계산 공식 구현 (https://app.notion.com/p/3c712168d52181d68570da05088a81fc?pvs=21)",,,,Task,후딜 종료 시 피해·방어·상태 효과를 실제 대상에 적용한다.,플레이어 스킬 실행 (https://app.notion.com/p/3c712168d5218135a4c7f0faffdc68bd?pvs=21),Phase 1 — Frontend Core,P0,,https://app.notion.com/p/3c612168d5218125a530d0f6d87b1a21,Ready,Skill,Gameplay
CORE-05-01 · 전투 종료→맵·정산 분기 구현,전투 종료 시 타이머와 입력이 중지된다. 승리 시 현재 노드를 cleared 처리하고 Map Scene으로 복귀해 다음 노드를 연다. 패배 시 런을 종료하고 사망 정산으로 이동한다.,,"전투 승리 판정 구현 (https://app.notion.com/p/3c712168d5218171ab1dd81f6696c215?pvs=21), RunState 데이터 모델 구현 (https://app.notion.com/p/RunState-3c712168d5218188ba86d1b16e591b86?pvs=21)",,https://github.com/KenWR/typing-roguelike/issues/91,https://github.com/KenWR/typing-roguelike/pull/92,Task,"전투 종료 시 타이머를 정리하고 승리는 맵, 패배는 사망 정산으로 분기한다.","런 상태·전환 (https://app.notion.com/p/3c712168d52181c389cecf938a9909bc?pvs=21), CORE-05 · 전투 노드 (https://app.notion.com/p/CORE-05-3c812168d5218139bac8e6f86512a209?pvs=21)",,P0,,https://app.notion.com/p/3c612168d5218199a030d9acdd6e99a1,Done,Run,Gameplay
CORE-04-01 · 지도 노드 선택·잠금 로직 구현,locked 노드는 선택할 수 없다. available 노드 선택 즉시 중복 클릭을 잠그고 in_progress로 바뀐다. 노드 타입에 따라 Combat·Shop·Rest Scene으로 이동한다. 완료 후 cleared 표시와 다음 available 노드가 갱신된다.,,,,https://github.com/KenWR/typing-roguelike/issues/110,https://github.com/KenWR/typing-roguelike/pull/111,Task,Map Scene에서 현재 노드와 연결된 available 노드 하나만 선택해 노드 타입별 Scene으로 이동한다.,탑 지도·노드 선택 (https://app.notion.com/p/3c712168d5218165a801f725a7f2e217?pvs=21),,P1,,https://app.notion.com/p/3c612168d5218199a030d9acdd6e99a1,Done,Run,Gameplay
장비 교체 전후 스킬 diff 계산,교체 전후 스킬 목록 차이를 계산한다; 추가/제거 스킬을 각각 제공한다; 실제 장착 결과와 일치한다.,,,,https://github.com/KenWR/typing-roguelike/issues/118,https://github.com/KenWR/typing-roguelike/pull/119,Task,교체 시 사라지고 추가되는 기술을 UI에 제공한다.,"장비 슬롯·교체 (https://app.notion.com/p/3c712168d52181a78ad9fc8bc6f73b7d?pvs=21), LATER-04 · 유물·보상·콤보 확장 (https://app.notion.com/p/LATER-04-3c812168d5218152a139f4f11879c978?pvs=21), CORE-05 · 전투 노드 (https://app.notion.com/p/CORE-05-3c812168d5218139bac8e6f86512a209?pvs=21)",Phase 1 — Frontend Core,P1,,https://app.notion.com/p/3c612168d52181f2bbe8ca75ff69fd38,Done,Equipment,Gameplay
방어 유효 구간 판정 구현,방어 스킬 유효 구간을 추적한다; 적 타격 시점과 겹치면 방어를 적용한다; 유효 구간 밖이면 일반 피격 처리한다.,,,,https://github.com/KenWR/typing-roguelike/issues/113,https://github.com/KenWR/typing-roguelike/pull/114,Task,적 타격 도착 전에 입력한 방어 스킬의 성공 여부를 판정한다.,방어 대응 입력 (https://app.notion.com/p/3c712168d52181748fcefcebcea7939e?pvs=21),,P1,,https://app.notion.com/p/3c612168d5218125a530d0f6d87b1a21,In Progress,Skill,Gameplay
CombatState 데이터 모델 구현,전투 상태 전이가 명시된다; 선딜/후딜/타격 상태를 구분한다; 일시정지 시 시간 진행을 멈출 수 있다.,지원 정,,,https://github.com/KenWR/typing-roguelike/issues/17,https://github.com/KenWR/typing-roguelike/pull/18,Task,전투의 입력·시전·후딜·타격·종료 상태를 일관되게 표현한다.,전투 상태·타이밍 엔진 (https://app.notion.com/p/3c712168d521812aa27bfd336331b660?pvs=21),Phase 1 — Frontend Core,P0,,https://app.notion.com/p/3c612168d52181679b5cede8cc1d5187,Done,Combat,Gameplay
MVP 엘리트 1종 선정·명세,보스 기믹과 연결되는 공격을 가진다; 일반 적보다 높은 위험/보상을 정의한다; 대응 방법이 판독 가능하다.,,,,,,Task,보스 대표 기믹을 미리 학습시키는 엘리트 1종을 확정한다.,최소 적·엘리트·보스 콘텐츠 (https://app.notion.com/p/3c712168d521813a8e14fac240b378e4?pvs=21),,P1,,https://app.notion.com/p/3c612168d52181e38344ed849057ad31,Ready,Encounter,Game Design
MVP 보스 1종 선정·명세,대표 기술 1개 이상을 가진다; 엘리트에서 학습한 요소를 검증한다; 실패 원인과 대응이 명확하다.,,,,,,Task,핵심 기믹과 타자 전투 재미를 검증할 보스 1종을 확정한다.,최소 적·엘리트·보스 콘텐츠 (https://app.notion.com/p/3c712168d521813a8e14fac240b378e4?pvs=21),,P1,,https://app.notion.com/p/3c612168d52181e38344ed849057ad31,Ready,Boss,Game Design
유물 효과 인터페이스 구현,유물 효과가 전투 계산 훅에 연결된다; 런 획득 즉시 적용된다; 런 종료 시 초기화된다.,,,,,,Task,입력/AP/타이밍/장비 연계를 변형할 수 있는 최소 훅 구조를 만든다.,"유물 최소 규칙 구조 (https://app.notion.com/p/3c712168d521819d9e60d943ec12fb13?pvs=21), LATER-04 · 유물·보상·콤보 확장 (https://app.notion.com/p/LATER-04-3c812168d5218152a139f4f11879c978?pvs=21)",,P2,,https://app.notion.com/p/3c612168d5218107b90ccf7efca1ea28,Backlog,Relic,Gameplay
10층 3분기 지도 데이터 구조 구현,노드 타입과 연결 정보를 저장한다; 현재 노드에서 유효한 다음 노드만 선택 가능하다; 전투/보상/상점/휴식 아이콘 타입을 표현할 수 있다.,김예찬,,,,https://github.com/KenWR/typing-roguelike/pull/59,Task,탑의 10층·최대 3분기 노드 연결 구조를 데이터로 표현한다.,탑 지도·노드 선택 (https://app.notion.com/p/3c712168d5218165a801f725a7f2e217?pvs=21),,P1,,https://app.notion.com/p/3c612168d5218199a030d9acdd6e99a1,Review,Run,Gameplay
콤보 카운트·보너스 구현,정확 입력 시 콤보가 증가한다; 끊김 조건에서 초기화된다; 콤보 보너스가 데이터로 조정 가능하다.,,,,https://github.com/KenWR/typing-roguelike/issues/107,https://github.com/KenWR/typing-roguelike/pull/108,Task,정확 입력 연속 성공을 전투 보상으로 연결한다.,"콤보·입력 피드백 (https://app.notion.com/p/3c712168d52181b98934c0412796757b?pvs=21), LATER-04 · 유물·보상·콤보 확장 (https://app.notion.com/p/LATER-04-3c812168d5218152a139f4f11879c978?pvs=21)",,P2,,https://app.notion.com/p/3c612168d5218125a530d0f6d87b1a21,Done,Typing,Gameplay
CORE-03-01 · 런 시작→맵 진입 구현,RunState가 초기화된다. 현재 맵과 첫 available 노드가 설정된다. Map Scene이 표시되며 사용자가 연결된 노드를 선택하기 전에는 Combat Scene이 열리지 않는다.,,"RunState 데이터 모델 구현 (https://app.notion.com/p/RunState-3c712168d5218188ba86d1b16e591b86?pvs=21), CombatState 데이터 모델 구현 (https://app.notion.com/p/CombatState-3c712168d5218123bd49c33321c0fbd4?pvs=21)",,https://github.com/KenWR/typing-roguelike/issues/70,https://github.com/KenWR/typing-roguelike/pull/71,Task,로비에서 새 런을 생성한 뒤 첫 전투로 직행하지 않고 Map Scene에 진입한다.,런 상태·전환 (https://app.notion.com/p/3c712168d52181c389cecf938a9909bc?pvs=21),Phase 1 — Frontend Core,P0,,https://app.notion.com/p/3c612168d5218199a030d9acdd6e99a1,Done,Run,Gameplay
재화 명칭·사용처 MVP 범위 결정,MVP 재화 명칭 또는 임시 명칭을 정한다; 사용처를 구현 여부와 후속 범위로 구분한다.,,,,,,Task,정산 이후 재화를 실제로 어디까지 사용할지 MVP 범위를 확정한다.,런 종료·정산 (https://app.notion.com/p/3c712168d521810c8191cc8dad9a8b65?pvs=21),,P3,,https://app.notion.com/p/3c612168d5218179935bf3d31bebe6ad,Backlog,Needs Decision,Game Design
방어 유형 세분화 범위 결정,MVP 방어 판정 종류를 확정한다; 구현에 필요한 효과 차이를 문서화한다.,,,,,,Task,패링·회피·피해 감소를 MVP에서 분리할지 결정한다.,방어 대응 입력 (https://app.notion.com/p/3c712168d52181748fcefcebcea7939e?pvs=21),,P2,,https://app.notion.com/p/3c612168d52181679b5cede8cc1d5187,Backlog,Needs Decision,Game Design
적 공격 타격 시점 처리,후딜 종료 전에는 피해가 적용되지 않는다; 종료 시 한 번만 효과가 적용된다; 방어 유효 구간을 함께 판정한다.,,"적 공격 게이지 진행 로직 구현 (https://app.notion.com/p/3c712168d52181debb4ce8730e2d2a2d?pvs=21), 피해 계산 공식 구현 (https://app.notion.com/p/3c712168d52181d68570da05088a81fc?pvs=21)",,,,Task,후딜 종료 시 플레이어 피해·상태 효과를 적용한다.,적 공격 예고·타임라인 (https://app.notion.com/p/3c712168d521816587e8df8b350f0b52?pvs=21),,P0,,https://app.notion.com/p/3c612168d52181e38344ed849057ad31,Ready,Enemy,Gameplay
클리어 정산 로직 구현,보유 중인 런 장비별 환전 가치를 합산한다; 스테이지 클리어 보너스를 별도 항목으로 추가한다; 결과 데이터에 장비별 환전액·클리어 보너스·최종 총액을 구분해 기록한다; 환전된 런 장비는 정산 후 보유하지 않으며 같은 정산은 한 번만 지급된다.,,"전투 승리 판정 구현 (https://app.notion.com/p/3c712168d5218171ab1dd81f6696c215?pvs=21), RunState 데이터 모델 구현 (https://app.notion.com/p/RunState-3c712168d5218188ba86d1b16e591b86?pvs=21)",,,,Task,"런 클리어 시 보유 중인 모든 런 장비를 재화로 환전하고, 스테이지 클리어 보너스를 별도로 더해 영구 재화로 지급한다.","런 종료·정산 (https://app.notion.com/p/3c712168d521810c8191cc8dad9a8b65?pvs=21), CORE-09 · 정산·로비 복귀 (https://app.notion.com/p/CORE-09-3c812168d52181a2a682f25ae320558e?pvs=21)",Phase 1 — Frontend Core,P0,,https://app.notion.com/p/3c612168d5218179935bf3d31bebe6ad,Ready,Economy,Gameplay
사망 정산 로직 구현,보유 중인 런 장비의 환전 가치를 합산한다; 클리어 보너스는 더하지 않는다; 결과 데이터에 장비별 환전액과 총액을 남긴다; 정산 완료 후 런 장비를 제거하고 같은 런을 종료한다.,,"전투 패배 판정 구현 (https://app.notion.com/p/3c712168d5218173a778c22e0e5f991b?pvs=21), RunState 데이터 모델 구현 (https://app.notion.com/p/RunState-3c712168d5218188ba86d1b16e591b86?pvs=21)",,,,Task,"사망 시 런에서 획득해 보유 중인 장비를 환전하고, 장비 환전 가치만 영구 재화로 지급한다.","런 종료·정산 (https://app.notion.com/p/3c712168d521810c8191cc8dad9a8b65?pvs=21), CORE-09 · 정산·로비 복귀 (https://app.notion.com/p/CORE-09-3c812168d52181a2a682f25ae320558e?pvs=21)",Phase 1 — Frontend Core,P0,,https://app.notion.com/p/3c612168d5218179935bf3d31bebe6ad,Ready,Economy,Gameplay
커맨드 성공→스킬 시작 연결,입력 성공 시 AP를 검사한다; 충분하면 즉시 스킬 시작 상태가 된다; 부족하면 스킬이 시작되지 않는다.,지원 정,"키 입력 버퍼·문자열 매칭 구현 (https://app.notion.com/p/3c712168d5218178b6d5def22db79bfb?pvs=21), 스킬 데이터 계약 구현 (https://app.notion.com/p/3c712168d521818f8d91fec34a7f6cdf?pvs=21), AP 소비·재생 로직 구현 (https://app.notion.com/p/AP-3c712168d521817c8d80c35c44a877d2?pvs=21)",,https://github.com/KenWR/typing-roguelike/issues/56,https://github.com/KenWR/typing-roguelike/pull/57,Task,정확 입력이 AP 검사 후 실제 스킬 실행으로 이어지게 한다.,플레이어 스킬 실행 (https://app.notion.com/p/3c712168d5218135a4c7f0faffdc68bd?pvs=21),Phase 1 — Frontend Core,P0,,https://app.notion.com/p/3c612168d5218125a530d0f6d87b1a21,Done,Skill,Gameplay
HP 상태 및 사망 판정 구현,HP가 피해만큼 감소한다; HP가 0 이하이면 사망 상태가 된다; 중복 사망 처리가 발생하지 않는다.,지원 정,,,https://github.com/KenWR/typing-roguelike/issues/20,https://github.com/KenWR/typing-roguelike/pull/49,Task,피해 적용과 사망 전환을 처리한다.,피해·HP·AP 처리 (https://app.notion.com/p/HP-AP-3c712168d52181f4acc7fcb2f7a68245?pvs=21),Phase 1 — Frontend Core,P0,,https://app.notion.com/p/3c612168d52181679b5cede8cc1d5187,Done,Combat,Gameplay
EnemyAttackTimeline 데이터 모델 구현,공격별 선딜/후딜/타격 상태를 보유한다; UI가 진행률과 공격 종류를 읽을 수 있다; 동시 타임라인을 지원한다.,지원 정,CombatState 데이터 모델 구현 (https://app.notion.com/p/CombatState-3c712168d5218123bd49c33321c0fbd4?pvs=21),,https://github.com/KenWR/typing-roguelike/issues/32,https://github.com/KenWR/typing-roguelike/pull/35,Task,적 공격의 선딜·시전 완료·후딜·타격 정보를 추적한다.,적 공격 예고·타임라인 (https://app.notion.com/p/3c712168d521816587e8df8b350f0b52?pvs=21),,P0,,https://app.notion.com/p/3c612168d52181e38344ed849057ad31,Done,Enemy,Gameplay
중첩 공격 타임라인 처리,시전 완료 직후 다음 공격 게이지를 시작할 수 있다; 기존 후딜과 새 선딜이 동시에 진행된다; 타격 순서가 시간 기준으로 안정적이다.,,,,,,Task,이전 공격 후딜 중 다음 공격 선딜이 시작되는 규칙을 지원한다.,전투 상태·타이밍 엔진 (https://app.notion.com/p/3c712168d521812aa27bfd336331b660?pvs=21),,P1,,https://app.notion.com/p/3c612168d52181679b5cede8cc1d5187,Ready,Combat,Gameplay
전투 승리 판정 구현,전투 대상이 모두 사망하면 승리한다; 추가 공격 입력을 중지한다; 보상 단계 전환 이벤트를 발생시킨다.,,HP 상태 및 사망 판정 구현 (https://app.notion.com/p/HP-3c712168d5218165bd10c2372b8e79d2?pvs=21),,https://github.com/KenWR/typing-roguelike/issues/86,https://github.com/KenWR/typing-roguelike/pull/88,Task,모든 적 처치 시 전투를 종료하고 보상 단계로 전환한다.,승패·전투 종료 처리 (https://app.notion.com/p/3c712168d521811e9130ff3a2f1f7284?pvs=21),,P0,,https://app.notion.com/p/3c612168d52181679b5cede8cc1d5187,Done,Combat,Gameplay
전투 패배 판정 구현,플레이어 사망 시 패배 상태가 된다; 추가 입력과 적 행동을 중지한다; 런 정산 단계로 전환한다.,,HP 상태 및 사망 판정 구현 (https://app.notion.com/p/HP-3c712168d5218165bd10c2372b8e79d2?pvs=21),,,,Task,플레이어 사망 시 전투와 런 종료 흐름을 시작한다.,승패·전투 종료 처리 (https://app.notion.com/p/3c712168d521811e9130ff3a2f1f7284?pvs=21),,P0,,https://app.notion.com/p/3c612168d52181679b5cede8cc1d5187,Ready,Combat,Gameplay
키 입력 버퍼·문자열 매칭 구현,입력 문자열을 순서대로 누적한다; 정답/오답 상태를 즉시 판정한다; 완성 시 스킬 실행 이벤트를 발생시킨다.,지원 정,,,https://github.com/KenWR/typing-roguelike/issues/14,https://github.com/KenWR/typing-roguelike/pull/15,Task,현재 커맨드와 사용자 입력을 실시간 비교한다.,커맨드 입력 판정 (https://app.notion.com/p/3c712168d521814d811ad86f3ec65c3f?pvs=21),Phase 1 — Frontend Core,P0,,https://app.notion.com/p/3c612168d5218125a530d0f6d87b1a21,Done,Typing,Gameplay
AP 소비·재생 로직 구현,최대 AP 6과 초당 1 재생을 지원한다; 스킬 시작 시 AP를 소비한다; 부족 시 발동하지 않는다; 일시정지 중 재생하지 않는다.,지원 정,,,https://github.com/KenWR/typing-roguelike/issues/23,https://github.com/KenWR/typing-roguelike/pull/36,Task,스킬 연속 사용을 제한하는 실시간 AP 자원을 구현한다.,피해·HP·AP 처리 (https://app.notion.com/p/HP-AP-3c712168d52181f4acc7fcb2f7a68245?pvs=21),Phase 1 — Frontend Core,P0,,https://app.notion.com/p/3c612168d52181679b5cede8cc1d5187,Done,Combat,Gameplay
RunState 데이터 모델 구현,런 시작/진행/종료 상태를 표현한다; 전투 사이에 플레이어 상태를 유지한다; 정산에 필요한 획득 가치를 보존한다.,지원 정,,,https://github.com/KenWR/typing-roguelike/issues/21,https://github.com/KenWR/typing-roguelike/pull/53,Task,런의 현재 노드·HP·보유 장비·유물·획득 가치·종료 상태를 관리한다.,런 상태·전환 (https://app.notion.com/p/3c712168d52181c389cecf938a9909bc?pvs=21),Phase 1 — Frontend Core,P0,,https://app.notion.com/p/3c612168d5218199a030d9acdd6e99a1,Done,Run,Gameplay
장비 4슬롯 상태 구현,각 슬롯 타입을 구분한다; 잘못된 슬롯 장착을 막는다; 동일 슬롯 교체가 가능하다.,,,,,,Task,무기1·보조무기1·반지2 슬롯을 상태로 관리한다.,"장비 슬롯·교체 (https://app.notion.com/p/3c712168d52181a78ad9fc8bc6f73b7d?pvs=21), SUPPORT-03 · 장비 기반 (https://app.notion.com/p/SUPPORT-03-3c812168d52181e49ef9d4d482b6ac4f?pvs=21), CORE-05 · 전투 노드 (https://app.notion.com/p/CORE-05-3c812168d5218139bac8e6f86512a209?pvs=21)",Phase 1 — Frontend Core,P1,,https://app.notion.com/p/3c612168d52181f2bbe8ca75ff69fd38,Ready,Equipment,Gameplay
스킬 데이터 계약 구현,스킬별 커맨드/AP/선딜/후딜/효과를 표현한다; 장비에서 스킬을 참조할 수 있다; 전투 엔진이 같은 구조를 소비한다.,지원 정,,,https://github.com/KenWR/typing-roguelike/issues/19,https://github.com/KenWR/typing-roguelike/pull/55,Task,커맨드·AP·선딜·후딜·효과를 데이터로 정의한다.,플레이어 스킬 실행 (https://app.notion.com/p/3c712168d5218135a4c7f0faffdc68bd?pvs=21),Phase 1 — Frontend Core,P0,,https://app.notion.com/p/3c612168d5218125a530d0f6d87b1a21,Done,Skill,Gameplay
Equipment 데이터 모델 구현,필수 장비 필드를 모두 표현한다; 기본/시그니처 스킬을 연결한다; 환전 가치와 등급을 조회할 수 있다.,,,,,,Task,장비 종류·등급·환전 가치·스킬·에셋 참조를 데이터로 관리한다.,"장비 데이터·스킬 제공 (https://app.notion.com/p/3c712168d52181e79c6bd52a0386d79f?pvs=21), SUPPORT-03 · 장비 기반 (https://app.notion.com/p/SUPPORT-03-3c812168d52181e49ef9d4d482b6ac4f?pvs=21), CORE-05 · 전투 노드 (https://app.notion.com/p/CORE-05-3c812168d5218139bac8e6f86512a209?pvs=21)",Phase 1 — Frontend Core,P1,,https://app.notion.com/p/3c612168d52181f2bbe8ca75ff69fd38,Ready,Equipment,Gameplay
Enemy 데이터 모델 구현,적 기본 스탯과 공격 목록을 표현한다; 일반/엘리트/보스를 구분한다; 공격 준비 모션 참조를 포함한다.,,,,https://github.com/KenWR/typing-roguelike/issues/102,https://github.com/KenWR/typing-roguelike/pull/104,Task,적 역할·HP·공격 패턴·보상·에셋을 데이터로 정의한다.,적 데이터·행동 시스템 (https://app.notion.com/p/3c712168d5218188bafbd7ffb93b7ace?pvs=21),,P1,,https://app.notion.com/p/3c612168d52181e38344ed849057ad31,Done,Enemy,Gameplay
보유 장비 중복 등장 방지 구현,보유 장비를 후보에서 제외한다; 후보 부족 시 안전한 fallback을 사용한다.,,,,https://github.com/KenWR/typing-roguelike/issues/121,https://github.com/KenWR/typing-roguelike/pull/124,Task,현재 보유 무기가 보상 후보에 중복 등장하지 않게 한다.,"장비 보상·드롭 (https://app.notion.com/p/3c712168d52181e798dde426ef936bde?pvs=21), LATER-04 · 유물·보상·콤보 확장 (https://app.notion.com/p/LATER-04-3c812168d5218152a139f4f11879c978?pvs=21), CORE-05 · 전투 노드 (https://app.notion.com/p/CORE-05-3c812168d5218139bac8e6f86512a209?pvs=21)",Phase 1 — Frontend Core,P1,,https://app.notion.com/p/3c612168d52181f2bbe8ca75ff69fd38,In Progress,Reward,Gameplay
적 공격 선택 루프 구현,살아 있는 적이 공격을 선택한다; 공격 시작 시 타임라인이 생성된다; 사망/전투 종료 시 새 공격을 시작하지 않는다.,,,,,,Task,적이 정의된 패턴에 따라 다음 공격을 선택하고 시작한다.,적 데이터·행동 시스템 (https://app.notion.com/p/3c712168d5218188bafbd7ffb93b7ace?pvs=21),,P1,,https://app.notion.com/p/3c612168d52181e38344ed849057ad31,Ready,Enemy,Gameplay
커맨드 언어 방식 결정,MVP 언어 방식을 하나로 결정한다; 입력 판정 구현에 필요한 문자 처리 규칙을 기록한다.,,,,,,Task,한국어·영어·사용자 선택 중 MVP 입력 언어 방식을 확정한다.,커맨드 입력 판정 (https://app.notion.com/p/3c712168d521814d811ad86f3ec65c3f?pvs=21),,P1,,https://app.notion.com/p/3c612168d5218125a530d0f6d87b1a21,Backlog,Needs Decision,Game Design
보상 완료→다음 노드 전환 구현,보상 확정 후 중복 선택할 수 없다; 지도 또는 다음 노드 선택 상태로 전환된다; 획득 보상이 유지된다.,,전투 보상 선택 상태 구현 (https://app.notion.com/p/3c712168d52181bea144f4ac27af324b?pvs=21),,,,Task,보상 선택 이후 다음 전투/지도 선택으로 이어지게 한다.,"전투 보상·다음 전투 (https://app.notion.com/p/3c712168d52181b4a3ebf742f981b058?pvs=21), CORE-05 · 전투 노드 (https://app.notion.com/p/CORE-05-3c812168d5218139bac8e6f86512a209?pvs=21)",Phase 1 — Frontend Core,P0,,https://app.notion.com/p/3c612168d5218199a030d9acdd6e99a1,Ready,Reward,Gameplay
장비→사용 가능 스킬 구성 구현,무기/보조무기/반지 스킬을 합성한다; 장비 교체 후 스킬 목록이 갱신된다; 중복/제거 규칙이 일관된다.,,,,,,Task,현재 장착 장비에 따라 전투에서 입력 가능한 스킬 목록을 만든다.,"장비 데이터·스킬 제공 (https://app.notion.com/p/3c712168d52181e79c6bd52a0386d79f?pvs=21), SUPPORT-03 · 장비 기반 (https://app.notion.com/p/SUPPORT-03-3c812168d52181e49ef9d4d482b6ac4f?pvs=21), CORE-05 · 전투 노드 (https://app.notion.com/p/CORE-05-3c812168d5218139bac8e6f86512a209?pvs=21)",Phase 1 — Frontend Core,P1,,https://app.notion.com/p/3c612168d52181f2bbe8ca75ff69fd38,Ready,Equipment,Gameplay
오입력·초기화 규칙 구현,오입력을 성공 입력과 구분한다; 정의된 방식으로 입력 상태를 복구한다; 오입력 후 정상 커맨드를 다시 입력할 수 있다.,,,,,,Task,실패 입력이 명확히 처리되고 다음 입력이 정상 이어지게 한다.,커맨드 입력 판정 (https://app.notion.com/p/3c712168d521814d811ad86f3ec65c3f?pvs=21),,P1,,https://app.notion.com/p/3c612168d5218125a530d0f6d87b1a21,Ready,Typing,Gameplay
전투 보상 선택 상태 구현,전투 승리 후 보상 후보가 생성된다; 하나를 선택하면 RunState에 반영된다; 선택 중 전투 시간은 진행되지 않는다.,,CORE-05-01 · 전투 종료→맵·정산 분기 구현 (https://app.notion.com/p/CORE-05-01-3c712168d521810395b4fc92a9ad8e39?pvs=21),,,,Task,전투 승리 후 보상을 선택하고 런에 반영한다.,"전투 보상·다음 전투 (https://app.notion.com/p/3c712168d52181b4a3ebf742f981b058?pvs=21), CORE-05 · 전투 노드 (https://app.notion.com/p/CORE-05-3c812168d5218139bac8e6f86512a209?pvs=21)",Phase 1 — Frontend Core,P0,,https://app.notion.com/p/3c612168d5218199a030d9acdd6e99a1,Ready,Reward,Gameplay
스킬 생명주기 타이머 구현,선딜 종료 시 시전 완료로 전환한다; 후딜 종료 시 효과를 적용한다; 플레이어와 적이 동일한 타이밍 용어를 사용한다.,,CombatState 데이터 모델 구현 (https://app.notion.com/p/CombatState-3c712168d5218123bd49c33321c0fbd4?pvs=21),,,,Task,스킬 시작부터 타격까지의 시간 규칙을 공통 엔진으로 처리한다.,전투 상태·타이밍 엔진 (https://app.notion.com/p/3c712168d521812aa27bfd336331b660?pvs=21),Phase 1 — Frontend Core,P0,,https://app.notion.com/p/3c612168d52181679b5cede8cc1d5187,Ready,Skill,Gameplay
장비 등급 드롭 테이블 구현,기본 등급 확률을 데이터로 관리한다; 히든은 일반 랜덤 드롭에서 제외한다; 일반/엘리트/보스 보정이 확장 가능하다.,승수 정,,,,,Task,기본 확률과 전투 등급에 따라 장비 보상 후보를 생성한다.,"장비 보상·드롭 (https://app.notion.com/p/3c712168d52181e798dde426ef936bde?pvs=21), LATER-04 · 유물·보상·콤보 확장 (https://app.notion.com/p/LATER-04-3c812168d5218152a139f4f11879c978?pvs=21), CORE-05 · 전투 노드 (https://app.notion.com/p/CORE-05-3c812168d5218139bac8e6f86512a209?pvs=21)",Phase 1 — Frontend Core,P0,,https://app.notion.com/p/3c612168d52181f2bbe8ca75ff69fd38,Done,Reward,Gameplay
피해 계산 공식 구현,방어력 감소율 공식을 적용한다; 최종 피해를 반올림한다; 최소 피해 1을 보장한다.,지원 정,,,https://github.com/KenWR/typing-roguelike/issues/22,https://github.com/KenWR/typing-roguelike/pull/50,Task,공격력·계수·방어력으로 최종 피해를 계산한다.,피해·HP·AP 처리 (https://app.notion.com/p/HP-AP-3c712168d52181f4acc7fcb2f7a68245?pvs=21),Phase 1 — Frontend Core,P0,,https://app.notion.com/p/3c612168d52181679b5cede8cc1d5187,Done,Combat,Gameplay
적 공격 게이지 진행 로직 구현,게이지 시간이 선딜 값과 일치한다; 완료 시 후딜 상태로 전환한다; 시전 직후 다음 공격 게이지 시작을 허용한다.,,"EnemyAttackTimeline 데이터 모델 구현 (https://app.notion.com/p/EnemyAttackTimeline-3c712168d52181689fa4c643d296de68?pvs=21), 스킬 생명주기 타이머 구현 (https://app.notion.com/p/3c712168d52181c1a6b0d9bfe6c1dcad?pvs=21)",,,,Task,적 공격 선딜을 0→100% 진행시키고 시전 완료로 전환한다.,적 공격 예고·타임라인 (https://app.notion.com/p/3c712168d521816587e8df8b350f0b52?pvs=21),,P0,,https://app.notion.com/p/3c612168d52181e38344ed849057ad31,Ready,Enemy,Gameplay
유물 MVP 포함 범위 결정,MVP 유물 수와 효과 범위를 확정한다; 제외 항목을 Post-MVP로 표시한다; 구현 가능한 수준으로 효과를 명세한다.,,,,,,Task,제안 단계인 유물을 제출 빌드에 몇 종·어떤 효과로 포함할지 결정한다.,"유물 범위·밸런스 결정 (https://app.notion.com/p/3c712168d52181788d5cdd5febc63028?pvs=21), LATER-04 · 유물·보상·콤보 확장 (https://app.notion.com/p/LATER-04-3c812168d5218152a139f4f11879c978?pvs=21)",,P1,,https://app.notion.com/p/3c612168d5218107b90ccf7efca1ea28,Backlog,Needs Decision,Game Design
MVP 일반 적 2종 선정·명세,서로 다른 학습 포인트의 적 2종을 고른다; 공격/대응/보상을 명세한다; 필요한 모션을 정의한다.,,,,,,Task,코어 입력과 공격 판독을 보여줄 최소 일반 적을 선정한다.,최소 적·엘리트·보스 콘텐츠 (https://app.notion.com/p/3c712168d521813a8e14fac240b378e4?pvs=21),,P1,,https://app.notion.com/p/3c612168d52181e38344ed849057ad31,Ready,Encounter,Game Design
본선 3분 피치 초안 준비,문제/게임 핵심/데모/Codex 협업을 포함한다; 3분 안에 말할 수 있는 분량이다.,,,,,,Task,본선 진출 시 바로 다듬을 수 있는 3분 발표 골격을 만든다.,"선택 제출·발표 자료 (https://app.notion.com/p/3c712168d52181708a4af5e17262ce78?pvs=21), LATER-06 · 선택 제출·발표 (https://app.notion.com/p/LATER-06-3c812168d52181b6930ad98a0e55de75?pvs=21)",,P3,,https://app.notion.com/p/3c712168d52181c89c82f835c7ce8a6b,Backlog,Presentation,Submission
MVP 엘리트 1종 스프라이트 제작,기본/준비 모션을 구분한다; 일반 적보다 위협적인 실루엣이 읽힌다; 핵심 기믹 예고가 보인다.,,,,,,Task,보스 기믹 학습용 엘리트의 공격 판독성을 확보한다.,"핵심 전투 에셋 (https://app.notion.com/p/3c712168d521818aadeed5f834f61eb4?pvs=21), SUPPORT-02 · 코어 콘텐츠·필수 에셋 (https://app.notion.com/p/SUPPORT-02-3c812168d52181c69f55c942424faf19?pvs=21)",,P2,,https://app.notion.com/p/3c612168d52181e38344ed849057ad31,Backlog,Monster,Assets
런 보상·정산 통합 테스트 작성,획득·장착한 장비가 런 진행 중 다음 노드와 전투까지 유지된다; 사망 시 보유 장비 환전액만 지급된다; 클리어 시 보유 장비 환전액과 클리어 보너스가 각각 계산된다; 정산은 한 번만 지급되고 런 장비와 활성 RunState가 제거된다; 정산 총액이 로비의 영구 재화에 반영된다.,,"전투 보상 선택 상태 구현 (https://app.notion.com/p/3c712168d52181bea144f4ac27af324b?pvs=21), 사망 정산 로직 구현 (https://app.notion.com/p/3c712168d5218160bc84e1997880fcab?pvs=21), 클리어 정산 로직 구현 (https://app.notion.com/p/3c712168d521814fa02ce184a675a722?pvs=21)",,,,Task,"장비 획득부터 런 내 유지, 사망/클리어 환전, 영구 재화 반영까지 보상·정산 전체 흐름을 검증한다.","핵심 루프 통합 QA (https://app.notion.com/p/QA-3c712168d521818b9f3ac9f3140fc178?pvs=21), CORE-10 · 전체 흐름 검증 (https://app.notion.com/p/CORE-10-3c812168d52181248e64df1d93827b26?pvs=21)",Phase 1 — Frontend Core,P0,,https://app.notion.com/p/3c612168d5218179935bf3d31bebe6ad,Ready,Integration Test,QA
제출 직전 회귀 테스트 실행,핵심 E2E 시나리오를 통과한다; 치명적 콘솔 오류가 없다; 제출 URL이 동일 빌드를 가리킨다.,,"배포 URL 시크릿 브라우저 테스트 (https://app.notion.com/p/URL-3c712168d521819db930c9e35585c627?pvs=21), 전투 입력·스킬 통합 테스트 작성 (https://app.notion.com/p/3c712168d521811c9eb4e5a33b98734c?pvs=21), 적 공격·방어 통합 테스트 작성 (https://app.notion.com/p/3c712168d52181bbbaafe407bc8c22ba?pvs=21), 런 보상·정산 통합 테스트 작성 (https://app.notion.com/p/3c712168d52181119c70f16ccd1b3534?pvs=21)",,,,Task,최종 배포본에서 P0 핵심 루프가 깨지지 않았음을 확인한다.,"외부 브라우저 검증 (https://app.notion.com/p/3c712168d52181a0b0c9cce6ab352ee0?pvs=21), SUPPORT-01 · 실행·배포·브라우저 검증 (https://app.notion.com/p/SUPPORT-01-3c812168d521810fba48ffbbd1f927a4?pvs=21)",,P0,,https://app.notion.com/p/3c712168d52181c89c82f835c7ce8a6b,Ready,Regression,QA
FE-03 · 적 공격 게이지 UI 구현,게이지가 선딜 진행률과 일치한다; 공격 종류가 텍스트/아이콘으로 구분된다; 여러 공격 타임라인을 동시에 표시할 수 있다.,김예찬,,,https://github.com/KenWR/typing-roguelike/issues/40,https://github.com/KenWR/typing-roguelike/pull/44,Task,적 선딜 진행률과 공격 종류를 가로 게이지로 표시한다.,전투 HUD (https://app.notion.com/p/HUD-3c712168d521818fb208c1a7aafbeb42?pvs=21),Phase 1 — Frontend Core,P0,,https://app.notion.com/p/3c612168d52181828d2ce0c44d764708,Done,Combat UI,Frontend / UI
FE-07 · 런 결과·정산 화면 구현,사망/클리어 상태를 표시한다; 아이템 환전분과 클리어 보상을 분리 표시한다; 총 지급 재화를 표시한다.,김예찬,"사망 정산 로직 구현 (https://app.notion.com/p/3c712168d5218160bc84e1997880fcab?pvs=21), 클리어 정산 로직 구현 (https://app.notion.com/p/3c712168d521814fa02ce184a675a722?pvs=21)",,https://github.com/KenWR/typing-roguelike/issues/42,https://github.com/KenWR/typing-roguelike/pull/47,Task,사망/클리어와 정산 근거를 플레이어가 이해하게 한다.,보상·장비·결과 화면 (https://app.notion.com/p/3c712168d521815fb136fb964c656d97?pvs=21),Phase 1 — Frontend Core,P0,,https://app.notion.com/p/3c612168d52181828d2ce0c44d764708,Done,Result,Frontend / UI
전투 입력·스킬 통합 테스트 작성,정상 입력 시 피해까지 이어진다; AP 부족 시 발동하지 않는다; 오입력 시 피해가 발생하지 않는다.,,"키 입력 버퍼·문자열 매칭 구현 (https://app.notion.com/p/3c712168d5218178b6d5def22db79bfb?pvs=21), 커맨드 성공→스킬 시작 연결 (https://app.notion.com/p/3c712168d5218161a5adcc19484329d9?pvs=21), 스킬 타격 효과 적용 구현 (https://app.notion.com/p/3c712168d52181028c0ee031e9d9e84e?pvs=21)",,,,Task,입력→AP→스킬 생명주기→피해가 일관되게 연결되는지 검증한다.,핵심 루프 통합 QA (https://app.notion.com/p/QA-3c712168d521818b9f3ac9f3140fc178?pvs=21),,P0,,https://app.notion.com/p/3c612168d52181679b5cede8cc1d5187,Ready,Integration Test,QA
Codex 활용 사례 로그 정리,사용한 기능/문제/결과를 사례 단위로 정리한다; 사람의 결정과 AI 기여를 구분한다; 발표/제출 설명에 재사용 가능하다.,,,,,,Task,Codex가 구현·문제 해결에 기여한 사례를 심사 기준에 맞게 정리한다.,"Codex 활용·신규 개발 로그 (https://app.notion.com/p/Codex-3c712168d521810298a7c31ff1594665?pvs=21), SUPPORT-04 · 필수 제출 병행 (https://app.notion.com/p/SUPPORT-04-3c812168d521810cb799d72b0ffe9d96?pvs=21)",,P1,,https://app.notion.com/p/3c712168d52181c89c82f835c7ce8a6b,Ready,Documentation,Documentation
FE-05 · 보상 선택 화면 구현,보상 후보를 명확히 표시한다; 선택 결과가 런 상태에 반영된다; 선택 후 다음 단계로 진행한다.,김예찬,,,https://github.com/KenWR/typing-roguelike/issues/41,https://github.com/KenWR/typing-roguelike/pull/45,Task,전투 후 보상 후보를 비교하고 하나를 선택하게 한다.,"전투 보상·다음 전투 (https://app.notion.com/p/3c712168d52181b4a3ebf742f981b058?pvs=21), CORE-05 · 전투 노드 (https://app.notion.com/p/CORE-05-3c812168d5218139bac8e6f86512a209?pvs=21)",Phase 1 — Frontend Core,P0,,https://app.notion.com/p/3c612168d52181828d2ce0c44d764708,Done,Result,Frontend / UI
FE-06 · 장비 장착 화면 구현,무기/보조무기/반지2 슬롯을 표시한다; 보유 장비를 선택해 교체할 수 있다; 교체 전후 스킬 변화를 보여준다.,김예찬,,,https://github.com/KenWR/typing-roguelike/issues/39,https://github.com/KenWR/typing-roguelike/pull/46,Task,4개 장비 슬롯과 보유 장비를 확인·교체할 수 있게 한다.,"전투 보상·다음 전투 (https://app.notion.com/p/3c712168d52181b4a3ebf742f981b058?pvs=21), CORE-05 · 전투 노드 (https://app.notion.com/p/CORE-05-3c812168d5218139bac8e6f86512a209?pvs=21)",Phase 1 — Frontend Core,P1,,https://app.notion.com/p/3c612168d52181828d2ce0c44d764708,Done,Inventory,Frontend / UI
공격 게이지·후딜 시각 규칙 결정,선딜/후딜 표현을 구분한다; 색상 외 아이콘/형태 정보를 포함한다; 여러 공격 겹침 규칙을 정의한다.,,,,,,Task,선딜과 후딜을 동시에 읽을 수 있는 시각 언어를 정한다.,"UI 미정 사항 결정 (https://app.notion.com/p/UI-3c712168d521810eb3a9f1f2e29687a5?pvs=21), SUPPORT-05 · 코어 UI 결정 (https://app.notion.com/p/SUPPORT-05-UI-3c812168d521815cb5ebf82344cada57?pvs=21)",,P1,,https://app.notion.com/p/3c612168d52181e2a63be89e64e6ed09,Backlog,Needs Decision,Game Design
프로덕션 웹 빌드 구성,production build가 성공한다; 정적/필수 자산이 누락되지 않는다; 로컬 preview에서 게임이 실행된다.,지원 정,,,https://github.com/KenWR/typing-roguelike/issues/58,,Task,브라우저에서 설치 없이 실행되는 제출용 빌드를 만든다.,"웹 빌드·호스팅 (https://app.notion.com/p/3c712168d52181d4b1bdf38d1bb38d3a?pvs=21), SUPPORT-01 · 실행·배포·브라우저 검증 (https://app.notion.com/p/SUPPORT-01-3c812168d521810fba48ffbbd1f927a4?pvs=21)",,P0,,https://app.notion.com/p/3c712168d52181c89c82f835c7ce8a6b,In Progress,Build,Deploy
MVP 일반 적 2종 스프라이트 제작,적 2종의 기본 실루엣이 구분된다; 핵심 준비 모션이 서로 겹치지 않는다; 전투 화면 크기에 맞는다.,,,,,,Task,선정된 일반 적의 역할과 공격 준비 모션을 시각화한다.,"핵심 전투 에셋 (https://app.notion.com/p/3c712168d521818aadeed5f834f61eb4?pvs=21), SUPPORT-02 · 코어 콘텐츠·필수 에셋 (https://app.notion.com/p/SUPPORT-02-3c812168d52181c69f55c942424faf19?pvs=21)",,P2,,https://app.notion.com/p/3c612168d52181e38344ed849057ad31,Backlog,Monster,Assets
게임 썸네일 16:9 제작,JPG 또는 PNG다; 16:9 구도다; 게임명 또는 핵심 비주얼이 작은 화면에서도 읽힌다.,,,,,,Task,제출 페이지에서 게임 정체성을 전달할 대표 이미지를 준비한다.,"필수 제출물 준비 (https://app.notion.com/p/3c712168d52181c9b347eefd3c872ac8?pvs=21), SUPPORT-04 · 필수 제출 병행 (https://app.notion.com/p/SUPPORT-04-3c812168d521810cb799d72b0ffe9d96?pvs=21)",,P0,,https://app.notion.com/p/3c712168d52181c89c82f835c7ce8a6b,Ready,Demo,Submission
해커톤 기간 신규 개발 범위 기록,2026-08-04~08-26 변경 범위를 정리한다; 주요 기능별 근거를 남긴다; 기존 작업과 구분된다.,,,,,,Task,기존 프로젝트와 챌린지 기간 신규·개선 작업을 구분한다.,"Codex 활용·신규 개발 로그 (https://app.notion.com/p/Codex-3c712168d521810298a7c31ff1594665?pvs=21), SUPPORT-04 · 필수 제출 병행 (https://app.notion.com/p/SUPPORT-04-3c812168d521810cb799d72b0ffe9d96?pvs=21)",,P1,,https://app.notion.com/p/3c712168d52181c89c82f835c7ce8a6b,Ready,Documentation,Documentation
CORE-10-01 · 핵심 루프 E2E 시나리오 작성,앱 실행→시작·설정→로비→런 시작→맵 흐름을 포함한다. 전투·상점·휴식 완료 후 맵 복귀와 다음 노드 해금을 확인한다. 보스 승리→클리어 정산→로비와 전투 패배→사망 정산→로비를 각각 검증한다. 잠긴 노드와 중복 클릭 차단을 확인한다.,,,,https://github.com/KenWR/typing-roguelike/issues/106,https://github.com/KenWR/typing-roguelike/pull/112,Task,튜토리얼·가챠를 제외한 MVP 코어 루프의 클리어·사망 경로를 브라우저에서 재현 가능한 시나리오로 정의한다.,핵심 루프 통합 QA (https://app.notion.com/p/QA-3c712168d521818b9f3ac9f3140fc178?pvs=21),,P0,,https://app.notion.com/p/3c712168d52181c89c82f835c7ce8a6b,Done,Integration Test,QA
플레이 링크·조작법 제출 정보 정리,최종 공개 URL을 기록한다; 조작법을 짧게 작성한다; 로그인 필요 여부와 테스트 계정 필요 여부를 확인한다.,,배포 URL 시크릿 브라우저 테스트 (https://app.notion.com/p/URL-3c712168d521819db930c9e35585c627?pvs=21),,,,Task,심사자가 링크 접속 후 바로 조작할 수 있게 제출 정보를 준비한다.,"필수 제출물 준비 (https://app.notion.com/p/3c712168d52181c9b347eefd3c872ac8?pvs=21), SUPPORT-04 · 필수 제출 병행 (https://app.notion.com/p/SUPPORT-04-3c812168d521810cb799d72b0ffe9d96?pvs=21)",,P0,,https://app.notion.com/p/3c712168d52181c89c82f835c7ce8a6b,Ready,Submission Form,Submission
FE-01 · HP·AP HUD 구현,현재/최대 HP를 표시한다; 현재/최대 AP를 표시한다; 값 변경이 실시간 반영된다.,김예찬,FE-00 · Phaser 화면 및 에셋 기반 구축 (https://app.notion.com/p/FE-00-Phaser-3c712168d52181dc84b6f2f9b27f6e1d?pvs=21),,,https://github.com/KenWR/typing-roguelike/pull/16,Task,플레이어 생존과 행동력 정보를 즉시 확인하게 한다.,전투 HUD (https://app.notion.com/p/HUD-3c712168d521818fb208c1a7aafbeb42?pvs=21),Phase 1 — Frontend Core,P0,,https://app.notion.com/p/3c612168d52181828d2ce0c44d764708,Done,HUD,Frontend / UI
플레이어 전투 스프라이트 최소 세트 제작,대기/공격 시작/피격 상태를 구분한다; 전투 화면에서 실루엣이 명확하다; 게임 빌드에 연결 가능한 포맷이다.,,,,,,Task,입력 성공·피격·기본 대기 상태를 읽을 수 있는 플레이어 에셋을 제공한다.,"핵심 전투 에셋 (https://app.notion.com/p/3c712168d521818aadeed5f834f61eb4?pvs=21), SUPPORT-02 · 코어 콘텐츠·필수 에셋 (https://app.notion.com/p/SUPPORT-02-3c812168d52181c69f55c942424faf19?pvs=21)",,P2,,https://app.notion.com/p/3c712168d52180c68591eaddfdedfd40,Backlog,Character,Assets
1280×720 최소 해상도 테스트,커맨드/HUD/공격 게이지가 겹치지 않는다; 주요 버튼을 사용할 수 있다; 텍스트가 판독 가능하다.,,,,,,Task,지원 하한 해상도에서 입력과 공격 정보가 가려지지 않는지 검증한다.,"외부 브라우저 검증 (https://app.notion.com/p/3c712168d52181a0b0c9cce6ab352ee0?pvs=21), SUPPORT-01 · 실행·배포·브라우저 검증 (https://app.notion.com/p/SUPPORT-01-3c812168d521810fba48ffbbd1f927a4?pvs=21)",,P1,,https://app.notion.com/p/3c712168d52180c68591eaddfdedfd40,Ready,Browser Test,QA
MVP 보스 1종 스프라이트·준비 모션 제작,보스 기본 실루엣이 명확하다; 대표 공격 준비 모션이 판독된다; 전투 UI와 겹치지 않는다.,,,,,,Task,대표 기믹과 공격 종류가 모션만으로도 구분되게 한다.,"핵심 전투 에셋 (https://app.notion.com/p/3c712168d521818aadeed5f834f61eb4?pvs=21), SUPPORT-02 · 코어 콘텐츠·필수 에셋 (https://app.notion.com/p/SUPPORT-02-3c812168d52181c69f55c942424faf19?pvs=21)",,P1,,https://app.notion.com/p/3c612168d52181e38344ed849057ad31,Backlog,Boss,Assets
배포 URL 시크릿 브라우저 테스트,시크릿 창에서 URL이 열린다; 설치/승인 없이 플레이 가능하다; 핵심 루프 진입이 가능하다.,,외부 호스팅 배포 구성 (https://app.notion.com/p/3c712168d52181f680bde694ede50f34?pvs=21),,,,Task,로그인·캐시 없이도 제출 URL이 바로 실행되는지 검증한다.,"외부 브라우저 검증 (https://app.notion.com/p/3c712168d52181a0b0c9cce6ab352ee0?pvs=21), SUPPORT-01 · 실행·배포·브라우저 검증 (https://app.notion.com/p/SUPPORT-01-3c812168d521810fba48ffbbd1f927a4?pvs=21)",,P0,,https://app.notion.com/p/3c712168d52181c89c82f835c7ce8a6b,Ready,Browser Test,QA
FE-04 · 후딜·투사체 상태 UI 구현,시전 완료된 공격을 게이지와 구분한다; 타격까지 추적 가능하다; 다음 선딜과 동시에 보여도 혼동되지 않는다.,김예찬,,,https://github.com/KenWR/typing-roguelike/issues/38,https://github.com/KenWR/typing-roguelike/pull/48,Task,시전 완료 후 실제 타격 전까지 남은 상태를 표시한다.,전투 HUD (https://app.notion.com/p/HUD-3c712168d521818fb208c1a7aafbeb42?pvs=21),Phase 1 — Frontend Core,P1,,https://app.notion.com/p/3c612168d52181828d2ce0c44d764708,Done,Combat UI,Frontend / UI
Track 1 제출 폼 최종 검증·제출,필수 신청자 정보가 채워진다; 게임 제목/소개/링크/썸네일이 포함된다; 제출 직전 링크를 재확인한다.,,"게임 소개 200자 이내 작성 (https://app.notion.com/p/200-3c712168d52181f5b44fe423e3e5c93c?pvs=21), 게임 썸네일 16:9 제작 (https://app.notion.com/p/16-9-3c712168d5218162a49bdb7077c91ba1?pvs=21), 플레이 링크·조작법 제출 정보 정리 (https://app.notion.com/p/3c712168d521817ea285fc9b24569401?pvs=21), 제출 직전 회귀 테스트 실행 (https://app.notion.com/p/3c712168d5218113a58ee2b810ffc0c7?pvs=21)",,,,Task,2026-08-26 마감 전 필수 항목을 누락 없이 제출한다.,"필수 제출물 준비 (https://app.notion.com/p/3c712168d52181c9b347eefd3c872ac8?pvs=21), SUPPORT-04 · 필수 제출 병행 (https://app.notion.com/p/SUPPORT-04-3c812168d521810cb799d72b0ffe9d96?pvs=21)",,P0,,https://app.notion.com/p/3c712168d52181c89c82f835c7ce8a6b,Blocked,Submission Form,Submission
입력 성공·실패 SFX 제작·연결,성공과 실패 소리가 구분된다; 연속 입력을 방해하지 않는 길이다; 무음에서도 동일 정보가 시각적으로 남는다.,,,,,,Task,성공/실패 입력을 짧은 소리로 구분한다.,"전투 VFX·SFX (https://app.notion.com/p/VFX-SFX-3c712168d5218194a8a8f5264c97a458?pvs=21), LATER-05 · 접근성·연출 폴리시 (https://app.notion.com/p/LATER-05-3c812168d521815c883df6b31fb2af9a?pvs=21)",,P2,,https://app.notion.com/p/3c612168d52181e2a63be89e64e6ed09,Backlog,Audio,Audio
스킬 성공 VFX 구현,입력 성공 직후 발생한다; 타격 VFX와 구분된다; 최소 한 종류 이상의 스킬에서 적용된다.,,,,,,Task,커맨드 성공 직후 스킬이 실제 시작됐음을 즉시 보여준다.,"전투 VFX·SFX (https://app.notion.com/p/VFX-SFX-3c712168d5218194a8a8f5264c97a458?pvs=21), LATER-05 · 접근성·연출 폴리시 (https://app.notion.com/p/LATER-05-3c812168d521815c883df6b31fb2af9a?pvs=21)",,P2,,https://app.notion.com/p/3c612168d52181e2a63be89e64e6ed09,Backlog,VFX,Assets
커맨드 입력창 위치 결정,1920×1080 기준 위치를 확정한다; 1280×720 하한에서도 핵심 정보와 충돌하지 않는다.,,,,,,Task,전투 정보 우선순위에 맞는 입력창 배치를 확정한다.,"UI 미정 사항 결정 (https://app.notion.com/p/UI-3c712168d521810eb3a9f1f2e29687a5?pvs=21), SUPPORT-05 · 코어 UI 결정 (https://app.notion.com/p/SUPPORT-05-UI-3c812168d521815cb5ebf82344cada57?pvs=21)",,P1,,https://app.notion.com/p/3c612168d52181e2a63be89e64e6ed09,Backlog,Needs Decision,Game Design
FE-02 · 커맨드 입력 HUD 구현,현재 커맨드를 항상 표시한다; 입력 진행과 오입력을 즉시 구분한다; 성공 시 스킬 시작 피드백이 나타난다.,김예찬,,,https://github.com/KenWR/typing-roguelike/issues/33,https://github.com/KenWR/typing-roguelike/pull/34,Task,현재 커맨드와 입력 성공/실패 상태를 전투 중 가장 먼저 읽히게 표시한다.,전투 HUD (https://app.notion.com/p/HUD-3c712168d521818fb208c1a7aafbeb42?pvs=21),Phase 1 — Frontend Core,P0,,https://app.notion.com/p/3c612168d52181828d2ce0c44d764708,Done,Combat UI,Frontend / UI
적 공격·방어 통합 테스트 작성,게이지 완료 후 후딜을 거쳐 타격한다; 유효 방어는 피해를 줄인다; 중첩 타임라인에서도 순서가 맞다.,,"적 공격 타격 시점 처리 (https://app.notion.com/p/3c712168d521814cbcf8db9bc7710f94?pvs=21), 방어 유효 구간 판정 구현 (https://app.notion.com/p/3c712168d5218123b5e0dc70bbb5bd9b?pvs=21)",,,,Task,적 선딜→후딜→타격과 방어 입력 판정을 검증한다.,핵심 루프 통합 QA (https://app.notion.com/p/QA-3c712168d521818b9f3ac9f3140fc178?pvs=21),,P0,,https://app.notion.com/p/3c612168d52181679b5cede8cc1d5187,Ready,Integration Test,QA
접근성 MVP 범위 결정,MVP에 포함할 옵션을 나열한다; 구현 제외 항목을 후속으로 분리한다.,,,,,,Task,글자 크기·비색상 정보·무음 플레이 등 초기 지원 범위를 확정한다.,"UI 미정 사항 결정 (https://app.notion.com/p/UI-3c712168d521810eb3a9f1f2e29687a5?pvs=21), LATER-05 · 접근성·연출 폴리시 (https://app.notion.com/p/LATER-05-3c812168d521815c883df6b31fb2af9a?pvs=21)",,P3,,https://app.notion.com/p/3c612168d52181e2a63be89e64e6ed09,Backlog,Needs Decision,Game Design
게임 소개 200자 이내 작성,200자 이내다; 타자+실시간 전투 핵심이 포함된다; 실제 구현 범위를 과장하지 않는다.,,,,,,Task,심사자가 코어 플레이와 차별점을 즉시 이해할 소개 문구를 준비한다.,"필수 제출물 준비 (https://app.notion.com/p/3c712168d52181c9b347eefd3c872ac8?pvs=21), SUPPORT-04 · 필수 제출 병행 (https://app.notion.com/p/SUPPORT-04-3c812168d521810cb799d72b0ffe9d96?pvs=21)",,P0,,https://app.notion.com/p/3c712168d52181c89c82f835c7ce8a6b,Ready,Submission Form,Submission
외부 호스팅 배포 구성,HTTPS 공개 URL이 생성된다; 별도 승인 없이 접속 가능하다; 새 빌드 배포 절차가 재현 가능하다.,,프로덕션 웹 빌드 구성 (https://app.notion.com/p/3c712168d5218153a4d4e6b7d425ff9a?pvs=21),,,,Task,심사위원이 접근 가능한 공개 URL에 빌드를 배포한다.,"웹 빌드·호스팅 (https://app.notion.com/p/3c712168d52181d4b1bdf38d1bb38d3a?pvs=21), SUPPORT-01 · 실행·배포·브라우저 검증 (https://app.notion.com/p/SUPPORT-01-3c812168d521810fba48ffbbd1f927a4?pvs=21)",,P0,,https://app.notion.com/p/3c712168d52181c89c82f835c7ce8a6b,Ready,Hosting,Deploy
3분 이내 데모 영상 제작,3분 이내다; 실제 플레이 장면을 포함한다; 코어 루프와 Codex 활용 맥락을 전달한다.,,,,,,Task,선택 제출용으로 실제 플레이와 핵심 기능을 짧게 보여준다.,"선택 제출·발표 자료 (https://app.notion.com/p/3c712168d52181708a4af5e17262ce78?pvs=21), LATER-06 · 선택 제출·발표 (https://app.notion.com/p/LATER-06-3c812168d52181b6930ad98a0e55de75?pvs=21)",,P2,,https://app.notion.com/p/3c712168d52181c89c82f835c7ce8a6b,Backlog,Demo,Submission
FE-00 · Phaser 화면 및 에셋 기반 구축,Canvas가 viewport 전체를 채운다; resize 후 Canvas와 입력 좌표가 viewport와 일치한다; BootScene에서 CombatFoundationScene으로 전환된다; 배경·월드·UI 레이어가 분리된다; 에셋 실패 시 플레이스홀더가 제공된다; typecheck와 build가 통과한다.,김예찬,,,,,Task,"FE-01이 전체 화면 Canvas, 반응형 레이아웃, Scene 및 에셋 로딩 기반 위에서 시작되도록 한다.",전투 HUD (https://app.notion.com/p/HUD-3c712168d521818fb208c1a7aafbeb42?pvs=21),Phase 0 — Frontend Foundation,P0,,https://app.notion.com/p/3c612168d52181828d2ce0c44d764708,Done,Combat UI,Frontend / UI
CORE · MVP 코어 루프,앱 실행 → 시작·설정 → 로비 → 런 시작 → 맵 → 전투·상점·휴식 → 보스 → 클리어 또는 사망 정산 → 로비 복귀가 연결된다. 맵은 전투·상점·휴식 Scene과 분리된다. 튜토리얼과 가챠는 이 Epic 범위에서 제외한다.,,,,,,Epic,앱 실행부터 런 정산 후 로비 복귀까지 플레이 가능한 MVP 코어 사이클을 순서대로 완성한다.,,Phase 1 — Frontend Core,P0,,https://app.notion.com/p/3c612168d5218199a030d9acdd6e99a1,Ready,Run,Gameplay
CORE-06 · 상점 노드,상점 노드 선택 시 Shop Scene으로 이동한다. 구매 결과가 RunState에 반영된다. 나가기 완료 시 노드를 cleared 처리하고 맵으로 복귀한다.,,,,,,Feature,맵에서 독립된 Shop Scene에 진입해 구매 후 런을 계속한다.,CORE · MVP 코어 루프 (https://app.notion.com/p/CORE-MVP-3c812168d52181aa92fec0ca9df68e2d?pvs=21),Phase 1 — Frontend Core,P0,,https://app.notion.com/p/3c612168d5218199a030d9acdd6e99a1,Ready,Economy,Gameplay
CORE-10 · 전체 흐름 검증,클리어 경로와 사망 경로를 각각 재현한다. 맵 노드 선택 제한과 중복 클릭 잠금을 확인한다. 전투·상점·휴식 완료 후 맵 복귀와 다음 노드 해금을 확인한다.,,,,,,Feature,새 실행부터 런 종료와 로비 복귀까지 코어 루프를 통합 검증한다.,CORE · MVP 코어 루프 (https://app.notion.com/p/CORE-MVP-3c812168d52181aa92fec0ca9df68e2d?pvs=21),Phase 1 — Frontend Core,P0,,https://app.notion.com/p/3c612168d52181828d2ce0c44d764708,Ready,Integration Test,QA
CORE-03 · 런 시작,런 시작 시 RunState가 초기화된다. 첫 맵과 시작 가능한 노드가 정해진다. 전투 Scene으로 직접 진입하지 않고 Map Scene으로 이동한다.,,,,,,Feature,로비에서 새 RunState를 만들고 첫 맵에 진입한다.,CORE · MVP 코어 루프 (https://app.notion.com/p/CORE-MVP-3c812168d52181aa92fec0ca9df68e2d?pvs=21),Phase 1 — Frontend Core,P0,,https://app.notion.com/p/3c612168d5218199a030d9acdd6e99a1,Ready,Run,Gameplay
CORE-05 · 전투 노드,맵의 전투 노드가 Combat Scene을 연다. 승리 시 해당 노드를 cleared 처리하고 맵으로 복귀한다. 패배 시 런을 종료하고 사망 정산으로 이동한다.,,,,,,Feature,일반·엘리트 전투 노드를 실행하고 승패에 따라 런 흐름으로 복귀한다.,CORE · MVP 코어 루프 (https://app.notion.com/p/CORE-MVP-3c812168d52181aa92fec0ca9df68e2d?pvs=21),Phase 1 — Frontend Core,P0,,https://app.notion.com/p/3c612168d5218199a030d9acdd6e99a1,Ready,Combat,Gameplay
CORE-02 · 로비,로비에서 새 런을 시작할 수 있다. 정산 완료 후 동일한 로비 상태로 복귀한다. 튜토리얼·가챠 진입은 이번 범위에서 제외한다.,,,,,,Feature,런 전후의 기준 화면인 로비를 제공한다.,CORE · MVP 코어 루프 (https://app.notion.com/p/CORE-MVP-3c812168d52181aa92fec0ca9df68e2d?pvs=21),Phase 1 — Frontend Core,P0,,https://app.notion.com/p/3c612168d52181828d2ce0c44d764708,Ready,Menu,Frontend / UI
CORE-01 · 앱 실행·시작·설정,초기 실행 시 시작 화면이 표시된다. 설정을 열고 닫거나 값을 변경할 수 있다. 시작 동작으로 로비 Scene에 진입한다.,,,,,,Feature,사용자가 앱을 실행해 시작 화면과 기본 설정을 확인하고 로비로 진입할 수 있게 한다.,CORE · MVP 코어 루프 (https://app.notion.com/p/CORE-MVP-3c812168d52181aa92fec0ca9df68e2d?pvs=21),Phase 1 — Frontend Core,P0,,https://app.notion.com/p/3c612168d52181828d2ce0c44d764708,Ready,Menu,Frontend / UI
CORE-08 · 보스·클리어,보스 노드는 이전 필수 경로를 완료해야 선택 가능하다. 보스 승리 시 런 상태가 cleared로 전환되어 클리어 정산으로 이동한다. 패배 시 사망 정산으로 이동한다.,,,,,,Feature,보스 노드를 전투로 연결하고 승리 시 런 클리어로 전환한다.,CORE · MVP 코어 루프 (https://app.notion.com/p/CORE-MVP-3c812168d52181aa92fec0ca9df68e2d?pvs=21),Phase 1 — Frontend Core,P0,,https://app.notion.com/p/3c612168d5218199a030d9acdd6e99a1,Ready,Boss,Gameplay
CORE-04 · 맵·노드 진행,노드는 locked·available·in_progress·cleared 상태를 가진다. 연결된 available 노드만 클릭 가능하다. 선택 즉시 중복 입력을 잠그고 타입별 Scene으로 이동한다. 완료 후 맵으로 돌아와 클리어 표시와 다음 노드를 갱신한다.,,,,,,Feature,분리된 Map Scene에서 연결된 노드를 하나씩 선택하고 진행 상태를 관리한다.,CORE · MVP 코어 루프 (https://app.notion.com/p/CORE-MVP-3c812168d52181aa92fec0ca9df68e2d?pvs=21),Phase 1 — Frontend Core,P0,,https://app.notion.com/p/3c612168d5218199a030d9acdd6e99a1,Ready,Run,Gameplay
CORE-09 · 정산·로비 복귀,클리어·사망 결과가 구분되어 표시된다. 획득 보상과 런 결과가 정산된다. 확인 후 임시 런 상태를 종료하고 로비로 복귀한다.,,,,,,Feature,클리어와 사망 결과를 정산하고 런을 종료한 뒤 로비로 복귀한다.,CORE · MVP 코어 루프 (https://app.notion.com/p/CORE-MVP-3c812168d52181aa92fec0ca9df68e2d?pvs=21),Phase 1 — Frontend Core,P0,,https://app.notion.com/p/3c612168d5218199a030d9acdd6e99a1,Ready,Result,Gameplay
CORE-07 · 휴식 노드,휴식 노드 선택 시 Rest Scene으로 이동한다. 선택 결과가 RunState에 반영된다. 완료 시 노드를 cleared 처리하고 맵으로 복귀한다.,,,,,,Feature,맵에서 독립된 Rest Scene에 진입해 회복 또는 휴식 행동 후 런을 계속한다.,CORE · MVP 코어 루프 (https://app.notion.com/p/CORE-MVP-3c812168d52181aa92fec0ca9df68e2d?pvs=21),Phase 1 — Frontend Core,P0,,https://app.notion.com/p/3c612168d5218199a030d9acdd6e99a1,Ready,Run,Gameplay
CORE-01-01 · 시작·설정→로비 Scene 흐름 구현,앱 실행 시 시작 화면이 보인다. 설정 화면을 열고 닫으며 값을 반영할 수 있다. 게임 시작을 누르면 로비 Scene으로 전환된다.,,,,https://github.com/KenWR/typing-roguelike/issues/62,https://github.com/KenWR/typing-roguelike/pull/63,Task,앱 최초 화면에서 시작과 설정을 사용할 수 있고 로비로 진입하는 Scene 흐름을 구현한다.,CORE-01 · 앱 실행·시작·설정 (https://app.notion.com/p/CORE-01-3c812168d5218153b303db38c4a8ae81?pvs=21),Phase 1 — Frontend Core,P0,,https://app.notion.com/p/3c612168d52181828d2ce0c44d764708,Done,Menu,Frontend / UI
CORE-06-01 · 상점 Scene 및 맵 복귀 구현,상점 노드가 Shop Scene을 연다. 구매 또는 나가기 결과가 RunState에 반영된다. 완료 시 노드가 cleared 처리되고 Map Scene으로 복귀한다.,,,,https://github.com/KenWR/typing-roguelike/issues/98,https://github.com/KenWR/typing-roguelike/pull/99,Task,상점 노드에서 Shop Scene을 열고 구매 결과를 반영한 뒤 맵으로 복귀한다.,CORE-06 · 상점 노드 (https://app.notion.com/p/CORE-06-3c812168d521811680c4f05227be39ee?pvs=21),Phase 1 — Frontend Core,P0,,https://app.notion.com/p/3c612168d5218199a030d9acdd6e99a1,Done,Economy,Gameplay
CORE-09-01 · 정산 완료→로비 복귀 구현,정산 확인 전에는 런 결과가 유지된다. 확인 시 임시 런 상태가 종료된다. 로비 Scene으로 복귀하며 새 런을 다시 시작할 수 있다.,,,,https://github.com/KenWR/typing-roguelike/issues/93,https://github.com/KenWR/typing-roguelike/pull/94,Task,클리어 또는 사망 정산을 확정한 뒤 런을 종료하고 로비로 복귀한다.,CORE-09 · 정산·로비 복귀 (https://app.notion.com/p/CORE-09-3c812168d52181a2a682f25ae320558e?pvs=21),Phase 1 — Frontend Core,P0,,https://app.notion.com/p/3c612168d5218199a030d9acdd6e99a1,Done,Result,Gameplay
CORE-07-01 · 휴식 Scene 및 맵 복귀 구현,휴식 노드가 Rest Scene을 연다. 회복 또는 휴식 결과가 RunState에 반영된다. 완료 시 노드가 cleared 처리되고 Map Scene으로 복귀한다.,,,,https://github.com/KenWR/typing-roguelike/issues/100,https://github.com/KenWR/typing-roguelike/pull/101,Task,휴식 노드에서 Rest Scene을 열고 선택 결과를 반영한 뒤 맵으로 복귀한다.,CORE-07 · 휴식 노드 (https://app.notion.com/p/CORE-07-3c812168d52181f2a3b6e8df87c6c6dd?pvs=21),Phase 1 — Frontend Core,P0,,https://app.notion.com/p/3c612168d5218199a030d9acdd6e99a1,Done,Run,Gameplay
CORE-02-01 · 로비→런 시작 연결 구현,로비에 런 시작 동작이 있다. 중복 실행이 잠긴다. 실행 시 새 런 초기화가 호출되고 CORE-03 흐름으로 전환된다.,,,,https://github.com/KenWR/typing-roguelike/issues/64,https://github.com/KenWR/typing-roguelike/pull/66,Task,로비에서 새 런 시작을 요청하고 런 초기화 흐름으로 넘긴다.,CORE-02 · 로비 (https://app.notion.com/p/CORE-02-3c812168d5218140b016d680ca894319?pvs=21),Phase 1 — Frontend Core,P0,,https://app.notion.com/p/3c612168d5218199a030d9acdd6e99a1,Done,Run,Gameplay
CORE-08-01 · 보스 노드→클리어 정산 연결 구현,해금된 보스 노드만 선택할 수 있다. 승리 시 RunState가 cleared가 되고 클리어 정산으로 이동한다. 패배 시 사망 정산으로 이동한다.,,,,https://github.com/KenWR/typing-roguelike/issues/103,https://github.com/KenWR/typing-roguelike/pull/105,Task,보스 노드를 Combat Scene에 연결하고 승패에 따라 클리어 또는 사망 정산으로 분기한다.,CORE-08 · 보스·클리어 (https://app.notion.com/p/CORE-08-3c812168d5218157a131f479afae37dd?pvs=21),Phase 1 — Frontend Core,P0,,https://app.notion.com/p/3c612168d5218199a030d9acdd6e99a1,Done,Boss,Gameplay
SUPPORT · 코어 선행·병행 작업,빌드·배포·필수 에셋·장비 기반·코어 UI 결정·필수 제출 작업이 하위 Feature로 분류된다. 기존 부모 관계와 상태는 유지된다.,,,,,,Epic,MVP 코어 루프를 구현·검증·배포하는 동안 먼저 또는 병행해야 하는 작업을 한곳에 모은다.,,,P0,,https://app.notion.com/p/3c612168d52181828d2ce0c44d764708,Ready,Run,Gameplay
LATER · 코어 이후 확장,튜토리얼·가챠·멀티플레이가 별도 Feature로 분리된다. 유물·확장 보상·연출·선택 제출 작업이 코어 구현 순서와 섞이지 않는다.,,,,,,Epic,코어 루프가 연결된 뒤 진행할 튜토리얼·가챠·멀티플레이와 확장·폴리시 작업을 분리한다.,,Phase 5 — Post-MVP,P2,,https://app.notion.com/p/3c612168d52181828d2ce0c44d764708,Backlog,Progression,Gameplay
SUPPORT-04 · 필수 제출 병행,필수 로그·소개·썸네일·플레이 링크·최종 제출 카드가 연결된다.,,,,,,Feature,코어 구현과 병행해야 하는 필수 기록·소개·제출물을 준비한다.,SUPPORT · 코어 선행·병행 작업 (https://app.notion.com/p/SUPPORT-3c812168d5218148b417ea71a976ef21?pvs=21),,P0,,https://app.notion.com/p/3c712168d52181c89c82f835c7ce8a6b,Ready,Submission Form,Submission
SUPPORT-01 · 실행·배포·브라우저 검증,프로덕션 빌드·호스팅·브라우저·회귀 검증 카드가 연결된다.,,,,,,Feature,코어 빌드를 브라우저에서 재현하고 외부 접근 가능한 상태로 만든다.,SUPPORT · 코어 선행·병행 작업 (https://app.notion.com/p/SUPPORT-3c812168d5218148b417ea71a976ef21?pvs=21),,P0,,https://app.notion.com/p/3c712168d52181c89c82f835c7ce8a6b,Ready,Production,Deploy
LATER-01 · 튜토리얼,튜토리얼은 코어 Scene 흐름과 분리되며 완료 후 정상 로비 또는 런 흐름으로 합류한다.,,,,,,Feature,완성된 코어 루프를 처음 접하는 사용자를 위한 온보딩 흐름을 추가한다.,LATER · 코어 이후 확장 (https://app.notion.com/p/LATER-3c812168d52181d9a402ede88f132749?pvs=21),Phase 5 — Post-MVP,P2,,https://app.notion.com/p/3c612168d52181828d2ce0c44d764708,Backlog,Run,Gameplay
LATER-04 · 유물·보상·콤보 확장,유물·확장 드롭·중복 방지·콤보 카드가 연결된다.,,,,,,Feature,코어 전투와 보상 위에 추가 빌드 다양성과 반복 플레이 요소를 얹는다.,LATER · 코어 이후 확장 (https://app.notion.com/p/LATER-3c812168d52181d9a402ede88f132749?pvs=21),Phase 5 — Post-MVP,P2,,https://app.notion.com/p/3c612168d52181828d2ce0c44d764708,Backlog,Relic,Gameplay
LATER-05 · 접근성·연출 폴리시,접근성 결정과 선택적 VFX·SFX 카드가 연결된다.,,,,,,Feature,코어 기능 완성 후 접근성 범위와 시청각 피드백을 강화한다.,LATER · 코어 이후 확장 (https://app.notion.com/p/LATER-3c812168d52181d9a402ede88f132749?pvs=21),Phase 5 — Post-MVP,P2,,https://app.notion.com/p/3c612168d52181828d2ce0c44d764708,Backlog,VFX,Assets
SUPPORT-05 · 코어 UI 결정,공격 타이밍 표현과 커맨드 입력 위치 결정 카드가 연결된다.,,,,,,Feature,코어 화면 구현을 막을 수 있는 UI 결정을 먼저 확정한다.,SUPPORT · 코어 선행·병행 작업 (https://app.notion.com/p/SUPPORT-3c812168d5218148b417ea71a976ef21?pvs=21),Phase 1 — Frontend Core,P1,,https://app.notion.com/p/3c612168d52181828d2ce0c44d764708,Ready,Needs Decision,Game Design
LATER-02 · 가챠,가챠 결과가 장비 상태에 반영되며 코어 런 시작을 막지 않는다.,,,,,,Feature,코어 루프 이후 가챠 획득·장착 흐름을 추가한다.,LATER · 코어 이후 확장 (https://app.notion.com/p/LATER-3c812168d52181d9a402ede88f132749?pvs=21),Phase 5 — Post-MVP,P2,,https://app.notion.com/p/3c612168d52181828d2ce0c44d764708,Backlog,Reward,Gameplay
LATER-06 · 선택 제출·발표,데모 영상과 피치 카드가 필수 코어·제출 작업과 분리된다.,,,,,,Feature,필수 제출 이후 선택 영상과 발표 자료를 준비한다.,LATER · 코어 이후 확장 (https://app.notion.com/p/LATER-3c812168d52181d9a402ede88f132749?pvs=21),Phase 5 — Post-MVP,P3,,https://app.notion.com/p/3c712168d52181c89c82f835c7ce8a6b,Backlog,Presentation,Submission
SUPPORT-02 · 코어 콘텐츠·필수 에셋,플레이어·일반 적·엘리트·보스의 최소 에셋 카드가 연결된다.,,,,,,Feature,코어 전투와 보스 흐름을 판독 가능한 최소 에셋으로 지원한다.,SUPPORT · 코어 선행·병행 작업 (https://app.notion.com/p/SUPPORT-3c812168d5218148b417ea71a976ef21?pvs=21),,P1,,https://app.notion.com/p/3c612168d52181828d2ce0c44d764708,Ready,Character,Assets
SUPPORT-03 · 장비 기반,장비 모델·4슬롯·사용 가능 스킬 구성 카드가 연결된다.,,,,,,Feature,보상·상점·전투에서 사용할 최소 장비 데이터와 장착 상태를 준비한다.,SUPPORT · 코어 선행·병행 작업 (https://app.notion.com/p/SUPPORT-3c812168d5218148b417ea71a976ef21?pvs=21),Phase 1 — Frontend Core,P1,,https://app.notion.com/p/3c612168d52181828d2ce0c44d764708,Ready,Equipment,Gameplay
LATER-03 · 멀티플레이,멀티플레이 범위·권위 모델·세션 방식이 결정되기 전에는 코어 구현에 의존성을 만들지 않는다.,,,,,,Feature,멀티플레이의 제품 범위와 동기화 방식을 별도 확장으로 정의한다.,LATER · 코어 이후 확장 (https://app.notion.com/p/LATER-3c812168d52181d9a402ede88f132749?pvs=21),Phase 5 — Post-MVP,P3,,https://app.notion.com/p/3c612168d52181828d2ce0c44d764708,Backlog,Multiplayer,Backend
LATER-01-01 · 튜토리얼 진입·완료 흐름 구현,튜토리얼 시작 조건과 완료 상태를 저장한다. 코어 Scene을 복제하지 않고 안내만 덧붙인다. 완료 또는 재진입 시 정상 로비·런 흐름을 막지 않는다.,,,,,,Task,최초 사용자에게 코어 조작을 안내하고 완료 후 정상 게임 흐름으로 합류시킨다.,LATER-01 · 튜토리얼 (https://app.notion.com/p/LATER-01-3c812168d521814eb057d74f6f45eb76?pvs=21),Phase 5 — Post-MVP,P2,,https://app.notion.com/p/3c612168d52181828d2ce0c44d764708,Backlog,Run,Gameplay
LATER-02-01 · 무료 가챠→장비 장착 흐름 구현,무료 가챠 결과가 생성된다. 획득 장비가 보유 상태에 반영된다. 필요한 장착 선택을 완료한 뒤 로비 또는 런 시작 흐름으로 복귀한다.,,,,,,Task,무료 가챠 결과를 장비 획득과 장착 흐름으로 연결한다.,LATER-02 · 가챠 (https://app.notion.com/p/LATER-02-3c812168d521816f893ee469de3845ab?pvs=21),Phase 5 — Post-MVP,P2,,https://app.notion.com/p/3c612168d52181828d2ce0c44d764708,Backlog,Reward,Gameplay
LATER-03-01 · 멀티플레이 범위·권위 모델 결정,협동·경쟁·비동기 중 제품 범위를 고른다. 서버·클라이언트 권위와 동기화 대상을 정의한다. 코어 싱글플레이 구조에 필요한 변경 범위를 기록한다.,,,,,,Task,멀티플레이 구현 전에 플레이 형태와 상태 권위·동기화 경계를 결정한다.,LATER-03 · 멀티플레이 (https://app.notion.com/p/LATER-03-3c812168d52181eb9b34c58e28ec86db?pvs=21),Phase 5 — Post-MVP,P3,,https://app.notion.com/p/3c612168d52181828d2ce0c44d764708,Backlog,Needs Decision,Game Design
CORE-01-03 · 설정 상태 저장·시스템 적용 구현,지원하는 음량·화면 흔들림·커맨드 언어 설정이 저장된다. 새로고침 후 복원된다. 변경 사항이 오디오·연출·입력 표시에 즉시 반영된다.,,,,https://github.com/KenWR/typing-roguelike/issues/115,https://github.com/KenWR/typing-roguelike/pull/120,Task,시작·일시정지 화면의 설정을 저장하고 실제 게임 시스템에 적용한다.,CORE-01 · 앱 실행·시작·설정 (https://app.notion.com/p/CORE-01-3c812168d5218153b303db38c4a8ae81?pvs=21),Phase 1 — Frontend Core,P1,,https://app.notion.com/p/3c612168d52181828d2ce0c44d764708,Done,Menu,Frontend / UI
CORE-05-02 · 맵 노드→전투 Encounter 초기화 구현,일반·엘리트·보스 노드가 올바른 encounter와 enemy를 선택한다. RunState의 HP·장비·사용 가능 스킬이 전투 초기 상태에 반영된다. reward policy가 전달된다. 잘못된 encounter는 맵으로 안전하게 복구된다.,,,,https://github.com/KenWR/typing-roguelike/issues/78,https://github.com/KenWR/typing-roguelike/pull/79,Task,선택한 전투 노드의 타입과 콘텐츠로 Combat Scene 및 CombatState를 초기화한다.,CORE-05 · 전투 노드 (https://app.notion.com/p/CORE-05-3c812168d5218139bac8e6f86512a209?pvs=21),Phase 1 — Frontend Core,P0,,https://app.notion.com/p/3c612168d5218199a030d9acdd6e99a1,Done,Encounter,Gameplay
CORE-08-02 · 최종층 보스 강제 진입 규칙 구현,필수 이전 경로를 완료해야 보스 노드가 available이 된다. 최종 진행에서 비보스 노드로 클리어를 우회할 수 없다. 보스 승리만 RunState를 cleared로 전환한다.,승수 정,,,,,Task,최종 진행 구간에서 보스를 우회하지 못하고 승리해야 런을 클리어하도록 강제한다.,CORE-08 · 보스·클리어 (https://app.notion.com/p/CORE-08-3c812168d5218157a131f479afae37dd?pvs=21),Phase 1 — Frontend Core,P0,,https://app.notion.com/p/3c612168d5218199a030d9acdd6e99a1,In Progress,Boss,Gameplay
CORE-05-04 · 포커스 이탈·일시정지 처리,탭 숨김·창 포커스 이탈·일시정지 메뉴에서 전투 시간·AP·적 공격 타임라인이 함께 멈춘다. 명시적 재개 후 동일 시점에서 계속된다. Scene 종료 시 관련 리스너가 제거된다.,,,,https://github.com/KenWR/typing-roguelike/issues/126,https://github.com/KenWR/typing-roguelike/pull/127,Task,브라우저 포커스 이탈과 설정 화면에서 실시간 전투가 진행되지 않게 한다.,CORE-05 · 전투 노드 (https://app.notion.com/p/CORE-05-3c812168d5218139bac8e6f86512a209?pvs=21),Phase 1 — Frontend Core,P1,,https://app.notion.com/p/3c612168d52181828d2ce0c44d764708,Done,Combat,Gameplay
CORE-05-03 · 보상 선택→장비 장착·RunState 반영 구현,선택 장비가 RunState inventory에 추가된다. 빈 슬롯 장착 또는 기존 장비 교체를 완료할 수 있다. 장착 후 사용 가능 스킬이 즉시 갱신된다. 확정 결과는 한 번만 적용되고 Map Scene으로 복귀한다.,,,,https://github.com/KenWR/typing-roguelike/issues/80,https://github.com/KenWR/typing-roguelike/pull/85,Task,전투 보상 장비 선택을 장착·교체와 런 상태·스킬 구성 갱신까지 연결한다.,CORE-05 · 전투 노드 (https://app.notion.com/p/CORE-05-3c812168d5218139bac8e6f86512a209?pvs=21),Phase 1 — Frontend Core,P0,,https://app.notion.com/p/3c612168d5218199a030d9acdd6e99a1,Done,Equipment,Gameplay
CORE-01-02 · Scene 등록·전환 데이터 계약 구현,Boot·Start·Settings·Lobby·Map·Combat·Reward·Equipment·Shop·Rest·RunResult Scene key가 등록된다. Scene별 입력 payload가 타입으로 정의된다. Boot는 Start Scene으로 진입한다. 잘못된 payload는 안전한 시작 화면으로 복구된다.,,,,https://github.com/KenWR/typing-roguelike/issues/60,https://github.com/KenWR/typing-roguelike/pull/61,Task,모든 코어 Scene과 전환 데이터를 중앙 계약으로 등록해 임의 문자열 전환과 잘못된 payload를 막는다.,CORE-01 · 앱 실행·시작·설정 (https://app.notion.com/p/CORE-01-3c812168d5218153b303db38c4a8ae81?pvs=21),Phase 1 — Frontend Core,P0,,https://app.notion.com/p/3c612168d52181828d2ce0c44d764708,Done,Interaction,Frontend / UI
CORE-10-02 · Scene 전환·RunState 연속성 통합 테스트,시작→로비→런→맵→전투·보상→맵→보스→정산→로비를 검증한다. 상점·휴식 복귀를 검증한다. 승리·패배 분기를 검증한다. 중복 전환과 결과 중복 적용이 없다.,,,,,,Task,코어 Scene 전체에서 동일 RunState가 유지되고 종료 시 올바르게 정리되는지 검증한다.,CORE-10 · 전체 흐름 검증 (https://app.notion.com/p/CORE-10-3c812168d52181248e64df1d93827b26?pvs=21),Phase 1 — Frontend Core,P0,,https://app.notion.com/p/3c612168d52181828d2ce0c44d764708,Ready,Integration Test,QA
CORE-09-02 · 정산 재화 저장·로비 반영 구현,사망·클리어 정산의 총 지급 재화를 영구 저장한다. 동일 런 정산은 한 번만 지급된다. 정산된 런 장비와 활성 RunState를 종료한다. 로비에서 갱신된 총 재화를 표시한다.,,,,https://github.com/KenWR/typing-roguelike/issues/95,https://github.com/KenWR/typing-roguelike/pull/96,Task,장비 환전과 클리어 보너스 결과를 영구 재화에 한 번 반영하고 로비에서 확인하게 한다.,CORE-09 · 정산·로비 복귀 (https://app.notion.com/p/CORE-09-3c812168d52181a2a682f25ae320558e?pvs=21),Phase 1 — Frontend Core,P0,,https://app.notion.com/p/3c612168d5218199a030d9acdd6e99a1,Done,Economy,Gameplay
CORE-06-02 · 상점 상품·가격·구매 규칙 구현,상점에 최소 장비 후보와 가격이 생성된다. 보유 재화가 부족하면 구매할 수 없다. 성공 시 재화를 한 번만 차감하고 장비를 inventory에 추가한다. 구매 완료 상품의 중복 구매를 막는다. 나가기는 상태를 변경하지 않는다.,승수 정,,,https://github.com/KenWR/typing-roguelike/issues/87,https://github.com/KenWR/typing-roguelike/pull/89,Task,상점 상품과 가격을 생성하고 재화 차감과 장비 획득을 원자적으로 처리한다.,CORE-06 · 상점 노드 (https://app.notion.com/p/CORE-06-3c812168d521811680c4f05227be39ee?pvs=21),Phase 1 — Frontend Core,P0,,https://app.notion.com/p/3c612168d5218199a030d9acdd6e99a1,Done,Economy,Gameplay
CORE-04-03 · 노드 상태 전이·결과 멱등성 구현,노드 상태는 locked·available·in_progress·cleared만 허용한다. available→in_progress→cleared 순서만 허용한다. 완료 결과는 한 번만 적용된다. 클리어 후 연결된 다음 노드만 available이 된다.,,,,https://github.com/KenWR/typing-roguelike/issues/72,https://github.com/KenWR/typing-roguelike/pull/74,Task,맵 노드 상태를 제한된 상태 머신으로 관리하고 동일 결과가 두 번 반영되지 않게 한다.,CORE-04 · 맵·노드 진행 (https://app.notion.com/p/CORE-04-3c812168d5218184af69e24fcc74d9a3?pvs=21),Phase 1 — Frontend Core,P0,,https://app.notion.com/p/3c612168d5218199a030d9acdd6e99a1,Done,Run,Gameplay
CORE-03-02 · 클라이언트 RunSession 관리자 구현,활성 런은 한 개만 존재한다. 새 런 생성·조회·업데이트·종료 API가 제공된다. Scene 전환 중 동일 RunState가 유지된다. 종료된 런에 추가 변경을 거부한다.,,,,https://github.com/KenWR/typing-roguelike/issues/68,https://github.com/KenWR/typing-roguelike/pull/69,Task,모든 코어 Scene이 하나의 활성 RunState를 안전하게 조회하고 갱신하도록 런 세션 소유권을 중앙화한다.,CORE-03 · 런 시작 (https://app.notion.com/p/CORE-03-3c812168d52181258ceecd47e02828b1?pvs=21),Phase 1 — Frontend Core,P0,,https://app.notion.com/p/3c612168d5218199a030d9acdd6e99a1,Done,Run,Gameplay
CORE-03-03 · 런 저장·새로고침 복구 구현,RunState와 저장 버전을 localStorage에 기록한다. 유효한 활성 런은 이어하기가 가능하다. 손상·구버전 데이터는 시작 화면으로 안전하게 복구된다. 정산 완료 시 활성 런 저장을 제거한다.,,,,https://github.com/KenWR/typing-roguelike/issues/117,https://github.com/KenWR/typing-roguelike/pull/122,Task,브라우저 새로고침 이후 진행 중인 런을 복원하거나 안전하게 포기할 수 있게 한다.,CORE-03 · 런 시작 (https://app.notion.com/p/CORE-03-3c812168d52181258ceecd47e02828b1?pvs=21),Phase 1 — Frontend Core,P1,,https://app.notion.com/p/3c612168d5218199a030d9acdd6e99a1,Done,Persistence,Gameplay
CORE-07-02 · 휴식 회복 규칙 구현,회복량은 데이터로 조정 가능하다. 현재 HP를 최대 HP 이내로 회복한다. 동일 휴식 결과는 한 번만 적용된다. 적용 전후 HP가 Scene에 제공된다.,승수 정,,,https://github.com/KenWR/typing-roguelike/issues/82,https://github.com/KenWR/typing-roguelike/pull/84,Task,휴식 노드에서 설정 가능한 회복 행동을 한 번 적용한다.,CORE-07 · 휴식 노드 (https://app.notion.com/p/CORE-07-3c812168d52181f2a3b6e8df87c6c6dd?pvs=21),Phase 1 — Frontend Core,P0,,https://app.notion.com/p/3c612168d5218199a030d9acdd6e99a1,Done,Run,Gameplay
CORE-04-02 · Map Scene 렌더링·런 HUD 구현,현재 층·HP·런 재화·장비 요약이 표시된다. locked·available·in_progress·cleared 상태가 시각적으로 구분된다. 현재 위치와 지나온 경로가 표시된다. 1280×720에서 노드와 HUD가 겹치지 않는다.,,,,https://github.com/KenWR/typing-roguelike/issues/75,https://github.com/KenWR/typing-roguelike/pull/77,Task,맵의 현재 위치·이동 가능 경로와 런 핵심 상태를 한 화면에 표시한다.,CORE-04 · 맵·노드 진행 (https://app.notion.com/p/CORE-04-3c812168d5218184af69e24fcc74d9a3?pvs=21),Phase 1 — Frontend Core,P0,,https://app.notion.com/p/3c612168d5218199a030d9acdd6e99a1,Done,HUD,Frontend / UI
CORE-10-03 · 맵·상점·휴식 규칙 테스트,노드 상태 전이와 잠금 해제를 검증한다. 동일 노드 결과 중복 적용을 거부한다. 상점 재화 부족·정상 구매·중복 구매를 검증한다. 휴식 회복 상한과 단일 적용을 검증한다.,,,,https://github.com/KenWR/typing-roguelike/issues/123,https://github.com/KenWR/typing-roguelike/pull/125,Task,맵 노드 상태와 비전투 노드의 도메인 규칙을 자동 테스트한다.,CORE-10 · 전체 흐름 검증 (https://app.notion.com/p/CORE-10-3c812168d52181248e64df1d93827b26?pvs=21),Phase 1 — Frontend Core,P1,,https://app.notion.com/p/3c612168d5218199a030d9acdd6e99a1,Done,Unit Test,QA